,Close
0,34.9900016784668
1,32.0
2,31.149999618530273
3,32.5
4,32.939998626708984
5,31.799999237060547
6,33.0
7,34.0
8,34.0
9,37.0
10,36.650001525878906
11,35.79999923706055
12,36.400001525878906
13,35.25
14,33.400001525878906
15,31.989999771118164
16,32.45000076293945
17,31.899999618530273
18,31.5
19,30.0
20,32.29999923706055
21,34.58000183105469
22,33.900001525878906
23,32.5
24,32.599998474121094
25,34.5
26,35.20000076293945
27,35.5
28,35.849998474121094
29,35.599998474121094
30,35.900001525878906
31,35.95000076293945
32,35.54999923706055
33,33.5
34,33.0
35,33.25
36,33.0
37,34.29999923706055
38,34.20000076293945
39,33.75
40,34.29999923706055
41,33.349998474121094
42,33.0
43,30.299999237060547
44,28.729999542236328
45,29.950000762939453
46,29.399999618530273
47,28.0
48,28.450000762939453
49,27.0
50,24.510000228881836
51,25.010000228881836
52,25.889999389648438
53,24.899999618530273
54,23.350000381469727
55,23.600000381469727
56,21.799999237060547
57,24.649999618530273
58,25.600000381469727
59,26.0
60,26.399999618530273
61,25.700000762939453
62,27.25
63,25.649999618530273
64,24.600000381469727
65,23.520000457763672
66,24.8700008392334
67,25.5
68,25.739999771118164
69,25.399999618530273
70,24.59000015258789
71,24.790000915527344
72,24.049999237060547
73,26.5
74,25.610000610351562
75,25.25
76,25.600000381469727
77,25.799999237060547
78,26.899999618530273
79,27.709999084472656
80,26.5
81,27.799999237060547
82,26.549999237060547
83,27.600000381469727
84,26.520000457763672
85,25.860000610351562
86,25.84000015258789
87,27.350000381469727
88,27.190000534057617
89,26.299999237060547
90,25.459999084472656
91,25.459999084472656
92,24.899999618530273
93,23.700000762939453
94,23.0
95,23.899999618530273
96,24.850000381469727
97,26.25
98,25.5
99,25.5
100,23.649999618530273
101,23.93000030517578
102,24.049999237060547
103,25.799999237060547
104,26.489999771118164
105,25.549999237060547
106,24.690000534057617
107,23.899999618530273
108,22.75
109,22.799999237060547
110,21.65999984741211
111,20.850000381469727
112,21.920000076293945
113,20.610000610351562
114,20.850000381469727
115,21.25
116,20.5
117,20.049999237060547
118,21.1200008392334
119,22.0
120,21.229999542236328
121,24.899999618530273
122,28.25
123,27.0
124,26.010000228881836
125,26.549999237060547
126,27.25
127,26.0
128,27.239999771118164
129,27.309999465942383
130,26.450000762939453
131,25.940000534057617
132,26.940000534057617
133,26.799999237060547
134,26.600000381469727
135,26.399999618530273
136,26.1200008392334
137,26.049999237060547
138,26.850000381469727
139,27.200000762939453
140,27.149999618530273
141,26.799999237060547
142,26.5
143,25.200000762939453
144,24.0
145,24.5
146,23.0
147,23.34000015258789
148,22.700000762939453
149,21.75
150,21.760000228881836
151,23.100000381469727
152,23.600000381469727
153,24.239999771118164
154,23.239999771118164
155,22.25
156,22.0
157,21.399999618530273
158,21.899999618530273
159,22.290000915527344
160,21.209999084472656
161,20.09000015258789
162,19.899999618530273
163,18.850000381469727
164,18.139999389648438
165,18.100000381469727
166,18.299999237060547
167,19.059999465942383
168,20.0
169,18.850000381469727
170,18.299999237060547
171,17.600000381469727
172,17.899999618530273
173,17.950000762939453
174,17.799999237060547
175,17.3700008392334
176,17.0
177,17.34000015258789
178,18.389999389648438
179,18.299999237060547
180,18.399999618530273
181,18.709999084472656
182,18.739999771118164
183,19.489999771118164
184,19.790000915527344
185,18.700000762939453
186,16.920000076293945
187,17.200000762939453
188,17.350000381469727
189,17.040000915527344
190,16.899999618530273
191,16.299999237060547
192,15.25
193,14.800000190734863
194,14.9399995803833
195,14.40999984741211
196,14.25
197,15.380000114440918
198,11.84000015258789
199,11.470000267028809
200,11.479999542236328
201,11.210000038146973
202,11.050000190734863
203,12.119999885559082
204,12.5
205,12.4399995803833
206,12.850000381469727
207,12.460000038146973
208,11.899999618530273
209,10.550000190734863
210,10.800000190734863
211,10.170000076293945
212,9.6899995803833
213,9.279999732971191
214,8.75
215,9.760000228881836
216,8.399999618530273
217,8.100000381469727
218,7.840000152587891
219,7.849999904632568
220,9.100000381469727
221,8.649999618530273
222,8.350000381469727
223,8.5
224,8.989999771118164
225,9.100000381469727
226,7.260000228881836
227,8.5
228,9.09000015258789
229,8.399999618530273
230,7.25
231,7.099999904632568
232,7.03000020980835
233,7.449999809265137
234,7.849999904632568
235,7.400000095367432
236,8.649999618530273
237,8.199999809265137
238,6.900000095367432
239,6.699999809265137
240,6.5
241,6.599999904632568
242,6.210000038146973
243,5.5
244,4.860000133514404
245,4.5
246,4.010000228881836
247,4.550000190734863
248,5.25
249,6.079999923706055
250,5.789999961853027
251,5.920000076293945
252,6.75
253,5.960000038146973
254,5.480000019073486
255,5.659999847412109
256,5.389999866485596
257,5.679999828338623
258,5.199999809265137
259,5.380000114440918
260,5.079999923706055
261,4.96999979019165
262,4.590000152587891
263,4.349999904632568
264,4.010000228881836
265,4.340000152587891
266,4.460000038146973
267,4.800000190734863
268,4.880000114440918
269,5.150000095367432
270,4.699999809265137
271,4.579999923706055
272,4.320000171661377
273,4.46999979019165
274,4.739999771118164
275,5.449999809265137
276,5.75
277,5.949999809265137
278,6.0
279,5.949999809265137
280,5.519999980926514
281,5.860000133514404
282,6.099999904632568
283,6.449999809265137
284,6.420000076293945
285,5.900000095367432
286,5.559999942779541
287,5.849999904632568
288,6.150000095367432
289,6.019999980926514
290,6.449999809265137
291,6.980000019073486
292,7.119999885559082
293,6.75
294,6.78000020980835
295,6.579999923706055
296,6.400000095367432
297,6.5
298,6.349999904632568
299,6.320000171661377
300,6.349999904632568
301,6.230000019073486
302,5.800000190734863
303,6.210000038146973
304,6.179999828338623
305,6.25
306,6.429999828338623
307,6.480000019073486
308,6.849999904632568
309,6.849999904632568
310,6.690000057220459
311,6.53000020980835
312,6.659999847412109
313,6.730000019073486
314,6.929999828338623
315,7.610000133514404
316,7.199999809265137
317,6.840000152587891
318,6.619999885559082
319,6.519999980926514
320,6.960000038146973
321,6.860000133514404
322,6.510000228881836
323,6.21999979019165
324,6.099999904632568
325,6.300000190734863
326,6.050000190734863
327,5.960000038146973
328,5.949999809265137
329,5.800000190734863
330,5.989999771118164
331,6.28000020980835
332,6.130000114440918
333,6.150000095367432
334,6.190000057220459
335,6.690000057220459
336,6.71999979019165
337,6.789999961853027
338,6.75
339,6.75
340,6.869999885559082
341,7.119999885559082
342,6.789999961853027
343,6.659999847412109
344,7.190000057220459
345,7.289999961853027
346,7.400000095367432
347,7.650000095367432
348,7.449999809265137
349,7.170000076293945
350,7.03000020980835
351,7.5
352,7.650000095367432
353,7.989999771118164
354,7.909999847412109
355,7.849999904632568
356,8.180000305175781
357,8.550000190734863
358,8.739999771118164
359,8.369999885559082
360,8.25
361,8.729999542236328
362,8.779999732971191
363,8.65999984741211
364,8.800000190734863
365,8.979999542236328
366,9.390000343322754
367,9.239999771118164
368,8.890000343322754
369,9.029999732971191
370,8.869999885559082
371,9.529999732971191
372,9.350000381469727
373,9.520000457763672
374,9.369999885559082
375,10.100000381469727
376,10.100000381469727
377,10.210000038146973
378,10.039999961853027
379,10.649999618530273
380,10.699999809265137
381,11.300000190734863
382,10.899999618530273
383,10.380000114440918
384,9.949999809265137
385,10.399999618530273
386,10.5
387,10.369999885559082
388,10.489999771118164
389,11.050000190734863
390,11.380000114440918
391,11.789999961853027
392,12.010000228881836
393,11.470000267028809
394,12.25
395,12.300000190734863
396,12.609999656677246
397,11.920000076293945
398,11.84000015258789
399,11.65999984741211
400,11.09000015258789
401,11.180000305175781
402,11.210000038146973
403,11.630000114440918
404,12.0
405,10.90999984741211
406,10.75
407,10.970000267028809
408,11.760000228881836
409,11.5
410,11.829999923706055
411,11.779999732971191
412,11.899999618530273
413,11.550000190734863
414,11.579999923706055
415,11.380000114440918
416,11.050000190734863
417,10.930000305175781
418,10.930000305175781
419,10.949999809265137
420,11.100000381469727
421,11.0600004196167
422,11.829999923706055
423,12.09000015258789
424,11.84000015258789
425,11.75
426,11.710000038146973
427,11.760000228881836
428,11.899999618530273
429,12.010000228881836
430,11.9399995803833
431,11.84000015258789
432,11.739999771118164
433,12.079999923706055
434,12.0600004196167
435,12.1899995803833
436,12.0
437,11.970000267028809
438,11.75
439,11.949999809265137
440,12.279999732971191
441,12.5600004196167
442,12.710000038146973
443,12.4399995803833
444,12.180000305175781
445,11.75
446,11.800000190734863
447,12.050000190734863
448,12.199999809265137
449,12.260000228881836
450,11.739999771118164
451,11.640000343322754
452,11.850000381469727
453,11.979999542236328
454,12.010000228881836
455,11.619999885559082
456,11.25
457,11.020000457763672
458,11.300000190734863
459,11.529999732971191
460,11.930000305175781
461,11.84000015258789
462,11.899999618530273
463,11.899999618530273
464,11.930000305175781
465,11.890000343322754
466,12.100000381469727
467,12.149999618530273
468,12.369999885559082
469,12.369999885559082
470,12.260000228881836
471,12.300000190734863
472,12.670000076293945
473,12.800000190734863
474,13.399999618530273
475,13.350000381469727
476,13.0600004196167
477,12.880000114440918
478,12.880000114440918
479,13.229999542236328
480,13.25
481,13.289999961853027
482,13.75
483,13.850000381469727
484,13.800000190734863
485,13.760000228881836
486,13.970000267028809
487,13.760000228881836
488,13.550000190734863
489,12.40999984741211
490,12.510000228881836
491,12.739999771118164
492,12.25
493,12.050000190734863
494,11.5
495,11.300000190734863
496,11.949999809265137
497,11.399999618530273
498,11.359999656677246
499,12.0
500,12.359999656677246
501,12.300000190734863
502,12.720000267028809
503,12.460000038146973
504,12.6899995803833
505,12.039999961853027
506,12.0
507,12.270000457763672
508,12.279999732971191
509,11.899999618530273
510,11.800000190734863
511,11.760000228881836
512,11.890000343322754
513,11.9399995803833
514,11.579999923706055
515,11.789999961853027
516,11.800000190734863
517,12.0600004196167
518,12.229999542236328
519,12.039999961853027
520,12.050000190734863
521,12.109999656677246
522,12.020000457763672
523,11.970000267028809
524,11.989999771118164
525,12.079999923706055
526,12.069999694824219
527,12.109999656677246
528,12.15999984741211
529,12.039999961853027
530,11.970000267028809
531,11.699999809265137
532,11.949999809265137
533,11.960000038146973
534,11.960000038146973
535,12.0600004196167
536,12.0600004196167
537,12.25
538,12.949999809265137
539,13.0
540,13.489999771118164
541,13.8100004196167
542,13.489999771118164
543,13.609999656677246
544,13.479999542236328
545,13.699999809265137
546,13.699999809265137
547,13.619999885559082
548,13.529999732971191
549,13.5
550,13.279999732971191
551,12.670000076293945
552,12.630000114440918
553,12.420000076293945
554,12.199999809265137
555,12.600000381469727
556,12.729999542236328
557,12.949999809265137
558,12.979999542236328
559,12.9399995803833
560,12.0
561,11.40999984741211
562,11.649999618530273
563,12.140000343322754
564,12.1899995803833
565,12.300000190734863
566,12.039999961853027
567,12.399999618530273
568,12.4399995803833
569,12.720000267028809
570,12.729999542236328
571,12.350000381469727
572,11.6899995803833
573,11.449999809265137
574,11.84000015258789
575,11.84000015258789
576,11.920000076293945
577,11.890000343322754
578,11.960000038146973
579,12.039999961853027
580,11.770000457763672
581,11.850000381469727
582,11.989999771118164
583,11.90999984741211
584,11.779999732971191
585,11.649999618530273
586,11.569999694824219
587,11.289999961853027
588,11.569999694824219
589,11.460000038146973
590,11.609999656677246
591,11.729999542236328
592,11.520000457763672
593,11.479999542236328
594,11.479999542236328
595,11.890000343322754
596,11.899999618530273
597,12.039999961853027
598,12.220000267028809
599,12.350000381469727
600,12.550000190734863
601,12.319999694824219
602,12.59000015258789
603,12.399999618530273
604,12.220000267028809
605,12.069999694824219
606,12.0
607,11.829999923706055
608,11.619999885559082
609,11.569999694824219
610,11.819999694824219
611,11.729999542236328
612,11.699999809265137
613,11.6899995803833
614,11.300000190734863
615,11.1899995803833
616,11.59000015258789
617,11.5
618,11.300000190734863
619,10.680000305175781
620,10.800000190734863
621,10.489999771118164
622,10.329999923706055
623,11.350000381469727
624,10.699999809265137
625,11.5
626,11.699999809265137
627,11.510000228881836
628,11.720000267028809
629,11.359999656677246
630,10.75
631,10.739999771118164
632,11.050000190734863
633,11.119999885559082
634,10.979999542236328
635,12.199999809265137
636,11.859999656677246
637,11.859999656677246
638,12.130000114440918
639,11.859999656677246
640,11.90999984741211
641,11.739999771118164
642,11.729999542236328
643,11.850000381469727
644,11.729999542236328
645,11.979999542236328
646,11.989999771118164
647,11.90999984741211
648,12.0
649,12.069999694824219
650,12.239999771118164
651,12.199999809265137
652,12.220000267028809
653,12.109999656677246
654,12.550000190734863
655,12.369999885559082
656,12.729999542236328
657,12.399999618530273
658,11.880000114440918
659,11.600000381469727
660,11.350000381469727
661,11.25
662,11.100000381469727
663,11.130000114440918
664,11.5
665,11.729999542236328
666,11.84000015258789
667,12.0
668,11.699999809265137
669,11.989999771118164
670,11.75
671,11.84000015258789
672,11.90999984741211
673,11.970000267028809
674,12.100000381469727
675,12.350000381469727
676,12.399999618530273
677,12.529999732971191
678,12.789999961853027
679,12.859999656677246
680,12.949999809265137
681,13.149999618530273
682,13.050000190734863
683,13.210000038146973
684,13.319999694824219
685,13.380000114440918
686,13.460000038146973
687,13.140000343322754
688,12.899999618530273
689,12.739999771118164
690,12.699999809265137
691,12.859999656677246
692,13.079999923706055
693,13.239999771118164
694,13.350000381469727
695,12.989999771118164
696,12.710000038146973
697,12.40999984741211
698,12.649999618530273
699,12.489999771118164
700,12.949999809265137
701,12.569999694824219
702,12.800000190734863
703,13.109999656677246
704,13.0
705,13.100000381469727
706,13.199999809265137
707,13.649999618530273
708,13.880000114440918
709,13.949999809265137
710,14.329999923706055
711,14.260000228881836
712,14.420000076293945
713,14.1899995803833
714,13.850000381469727
715,14.109999656677246
716,14.350000381469727
717,14.6899995803833
718,14.899999618530273
719,14.1899995803833
720,14.270000457763672
721,14.5
722,14.270000457763672
723,14.149999618530273
724,14.039999961853027
725,14.09000015258789
726,14.600000381469727
727,14.300000190734863
728,14.220000267028809
729,14.5600004196167
730,15.050000190734863
731,15.619999885559082
732,15.0600004196167
733,15.149999618530273
734,14.510000228881836
735,14.050000190734863
736,14.079999923706055
737,13.630000114440918
738,13.84000015258789
739,13.84000015258789
740,14.140000343322754
741,14.319999694824219
742,14.119999885559082
743,14.25
744,14.460000038146973
745,14.4399995803833
746,14.5
747,14.350000381469727
748,14.0600004196167
749,13.6899995803833
750,13.229999542236328
751,13.3100004196167
752,13.25
753,13.100000381469727
754,13.579999923706055
755,13.899999618530273
756,13.899999618530273
757,13.5
758,13.569999694824219
759,13.949999809265137
760,13.8100004196167
761,13.670000076293945
762,13.520000457763672
763,13.050000190734863
764,13.369999885559082
765,13.369999885559082
766,13.529999732971191
767,13.399999618530273
768,13.279999732971191
769,12.869999885559082
770,12.779999732971191
771,12.550000190734863
772,12.770000457763672
773,12.699999809265137
774,12.8100004196167
775,12.75
776,12.960000038146973
777,12.819999694824219
778,12.59000015258789
779,12.75
780,12.729999542236328
781,12.680000305175781
782,12.829999923706055
783,12.979999542236328
784,13.130000114440918
785,13.399999618530273
786,13.430000305175781
787,13.119999885559082
788,13.319999694824219
789,12.989999771118164
790,13.050000190734863
791,12.600000381469727
792,12.640000343322754
793,12.630000114440918
794,12.399999618530273
795,12.449999809265137
796,12.220000267028809
797,12.039999961853027
798,11.949999809265137
799,11.979999542236328
800,12.220000267028809
801,12.15999984741211
802,12.039999961853027
803,11.880000114440918
804,11.649999618530273
805,11.899999618530273
806,11.850000381469727
807,11.630000114440918
808,11.270000457763672
809,11.0
810,11.199999809265137
811,11.600000381469727
812,11.619999885559082
813,11.869999885559082
814,12.020000457763672
815,11.449999809265137
816,11.670000076293945
817,11.899999618530273
818,11.6899995803833
819,11.380000114440918
820,11.010000228881836
821,11.069999694824219
822,11.300000190734863
823,11.3100004196167
824,11.069999694824219
825,11.350000381469727
826,11.600000381469727
827,11.529999732971191
828,11.279999732971191
829,11.100000381469727
830,11.220000267028809
831,11.199999809265137
832,11.229999542236328
833,11.270000457763672
834,11.550000190734863
835,11.3100004196167
836,11.199999809265137
837,11.199999809265137
838,11.130000114440918
839,11.130000114440918
840,11.100000381469727
841,11.470000267028809
842,11.859999656677246
843,11.859999656677246
844,11.859999656677246
845,12.1899995803833
846,12.1899995803833
847,12.140000343322754
848,12.229999542236328
849,12.180000305175781
850,11.90999984741211
851,11.729999542236328
852,11.470000267028809
853,11.510000228881836
854,11.600000381469727
855,11.569999694824219
856,11.770000457763672
857,11.779999732971191
858,11.880000114440918
859,11.899999618530273
860,11.899999618530273
861,11.84000015258789
862,11.84000015258789
863,11.75
864,11.449999809265137
865,11.5
866,11.510000228881836
867,11.880000114440918
868,4.0233330726623535
869,4.0233330726623535
870,3.933332920074463
871,3.9000000953674316
872,3.846666097640991
873,3.846666097640991
874,3.7899999618530273
875,3.700000047683716
876,3.6700000762939453
877,3.673332929611206
878,3.666666030883789
879,3.676666021347046
880,3.7066659927368164
881,3.6866660118103027
882,3.7300000190734863
883,3.7133328914642334
884,3.7733330726623535
885,3.683332920074463
886,3.733333110809326
887,3.7733330726623535
888,3.7066659927368164
889,3.683332920074463
890,3.7133328914642334
891,3.799999952316284
892,3.7666659355163574
893,3.72666597366333
894,3.7100000381469727
895,3.559999942779541
896,3.493333101272583
897,3.6333329677581787
898,3.5199999809265137
899,3.5299999713897705
900,3.47666597366333
901,3.4433329105377197
902,3.4066660404205322
903,3.5399999618530273
904,3.490000009536743
905,3.4433329105377197
906,3.623332977294922
907,3.5999999046325684
908,3.5166659355163574
909,3.490000009536743
910,3.5399999618530273
911,3.486665964126587
912,3.373332977294922
913,3.2633330821990967
914,3.3333330154418945
915,3.2166659832000732
916,3.2566659450531006
917,3.180000066757202
918,3.1700000762939453
919,3.2100000381469727
920,3.3233330249786377
921,3.2833330631256104
922,3.2899999618530273
923,3.183332920074463
924,3.009999990463257
925,2.9633328914642334
926,3.0133330821990967
927,2.986665964126587
928,2.9033329486846924
929,2.7899999618530273
930,2.5999999046325684
931,2.75333309173584
932,2.6500000953674316
933,2.799999952316284
934,2.916666030883789
935,3.00333309173584
936,3.0166659355163574
937,2.990000009536743
938,3.0
939,3.0833330154418945
940,2.9633328914642334
941,2.9033329486846924
942,2.9533329010009766
943,2.983333110809326
944,3.036665916442871
945,2.916666030883789
946,2.916666030883789
947,3.0066659450531006
948,3.0233330726623535
949,3.109999895095825
950,3.366666078567505
951,3.233333110809326
952,3.1266660690307617
953,3.106666088104248
954,3.2233328819274902
955,3.069999933242798
956,3.0
957,2.97666597366333
958,3.043333053588867
959,3.053333044052124
960,3.116666078567505
961,3.0899999141693115
962,3.119999885559082
963,3.123332977294922
964,2.930000066757202
965,3.069999933242798
966,3.0833330154418945
967,3.0333330631256104
968,2.9566659927368164
969,2.950000047683716
970,2.930000066757202
971,2.866666078567505
972,2.8833329677581787
973,2.933332920074463
974,3.0899999141693115
975,3.0766661167144775
976,3.176666021347046
977,3.2899999618530273
978,3.299999952316284
979,3.286665916442871
980,3.243333101272583
981,3.243333101272583
982,3.2899999618530273
983,3.1966660022735596
984,3.2899999618530273
985,3.2899999618530273
986,3.2899999618530273
987,3.2899999618530273
988,3.2899999618530273
989,3.4633328914642334
990,3.490000009536743
991,3.359999895095825
992,3.359999895095825
993,3.359999895095825
994,3.3966660499572754
995,3.416666030883789
996,3.4433329105377197
997,3.4433329105377197
998,3.450000047683716
999,3.413332939147949
1000,3.493333101272583
1001,3.569999933242798
1002,3.5266659259796143
1003,3.369999885559082
1004,3.299999952316284
1005,3.2033329010009766
1006,3.1966660022735596
1007,3.1566660404205322
1008,3.1500000953674316
1009,3.166666030883789
1010,3.293333053588867
1011,3.5133330821990967
1012,3.5166659355163574
1013,3.536665916442871
1014,3.490000009536743
1015,3.4000000953674316
1016,3.303333044052124
1017,3.366666078567505
1018,3.366666078567505
1019,3.3233330249786377
1020,3.299999952316284
1021,3.3333330154418945
1022,3.299999952316284
1023,3.25333309173584
1024,3.346666097640991
1025,3.3366661071777344
1026,3.373332977294922
1027,3.369999885559082
1028,3.363332986831665
1029,3.373332977294922
1030,3.2833330631256104
1031,3.2666659355163574
1032,3.25
1033,3.3066658973693848
1034,3.366666078567505
1035,3.3299999237060547
1036,3.380000114440918
1037,3.433332920074463
1038,3.50333309173584
1039,3.4700000286102295
1040,3.4033329486846924
1041,3.369999885559082
1042,3.369999885559082
1043,3.369999885559082
1044,3.4666659832000732
1045,3.450000047683716
1046,3.4666659832000732
1047,3.4733328819274902
1048,3.4700000286102295
1049,3.563333034515381
1050,3.630000114440918
1051,3.6600000858306885
1052,3.663332939147949
1053,3.846666097640991
1054,3.8933329582214355
1055,3.9466660022735596
1056,3.9466660022735596
1057,3.9700000286102295
1058,4.026666164398193
1059,3.9633328914642334
1060,3.866666078567505
1061,4.056665897369385
1062,4.103332996368408
1063,4.013332843780518
1064,3.9200000762939453
1065,3.9200000762939453
1066,3.8866660594940186
1067,3.9066660404205322
1068,3.8833329677581787
1069,3.9666659832000732
1070,3.8299999237060547
1071,3.9000000953674316
1072,4.010000228881836
1073,4.0
1074,3.9000000953674316
1075,4.016665935516357
1076,4.096665859222412
1077,4.170000076293945
1078,4.166666030883789
1079,4.216666221618652
1080,4.166666030883789
1081,4.079999923706055
1082,4.053332805633545
1083,4.073332786560059
1084,3.990000009536743
1085,3.9633328914642334
1086,3.9633328914642334
1087,3.9466660022735596
1088,4.0
1089,4.0
1090,3.8966660499572754
1091,3.7799999713897705
1092,3.7466659545898438
1093,3.8866660594940186
1094,3.869999885559082
1095,3.7833330631256104
1096,3.733333110809326
1097,3.796665906906128
1098,3.7100000381469727
1099,3.5833330154418945
1100,3.7133328914642334
1101,3.5999999046325684
1102,3.6466660499572754
1103,3.690000057220459
1104,3.7200000286102295
1105,3.75333309173584
1106,3.7033329010009766
1107,3.5666658878326416
1108,3.5899999141693115
1109,3.616666078567505
1110,3.6366660594940186
1111,3.569999933242798
1112,3.5733330249786377
1113,3.5733330249786377
1114,3.666666030883789
1115,3.549999952316284
1116,3.5999999046325684
1117,3.5333330631256104
1118,3.3933329582214355
1119,3.3766660690307617
1120,3.416666030883789
1121,3.2699999809265137
1122,3.259999990463257
1123,3.119999885559082
1124,3.0666658878326416
1125,3.0333330631256104
1126,3.176666021347046
1127,3.096666097640991
1128,3.1266660690307617
1129,3.1500000953674316
1130,3.1700000762939453
1131,3.190000057220459
1132,3.25
1133,3.200000047683716
1134,3.183332920074463
1135,3.1433329582214355
1136,3.183332920074463
1137,3.173332929611206
1138,3.3333330154418945
1139,3.430000066757202
1140,3.3266661167144775
1141,3.4600000381469727
1142,3.569999933242798
1143,3.6433329582214355
1144,3.5799999237060547
1145,3.4700000286102295
1146,3.4000000953674316
1147,3.4000000953674316
1148,3.2166659832000732
1149,3.3299999237060547
1150,3.25
1151,3.3166658878326416
1152,3.299999952316284
1153,3.3399999141693115
1154,3.416666030883789
1155,3.5299999713897705
1156,3.683332920074463
1157,3.740000009536743
1158,3.803333044052124
1159,3.6966660022735596
1160,3.666666030883789
1161,3.676666021347046
1162,3.7033329010009766
1163,3.7633330821990967
1164,3.6500000953674316
1165,3.700000047683716
1166,3.7300000190734863
1167,3.803333044052124
1168,3.616666078567505
1169,3.5199999809265137
1170,3.5799999237060547
1171,3.5999999046325684
1172,3.7666659355163574
1173,3.9633328914642334
1174,3.940000057220459
1175,3.8333330154418945
1176,3.8866660594940186
1177,3.7799999713897705
1178,3.986665964126587
1179,4.0
1180,3.930000066757202
1181,3.926666021347046
1182,3.950000047683716
1183,3.950000047683716
1184,3.916666030883789
1185,3.846666097640991
1186,3.916666030883789
1187,3.9666659832000732
1188,3.9733328819274902
1189,4.016665935516357
1190,3.986665964126587
1191,3.9600000381469727
1192,3.8766660690307617
1193,3.9200000762939453
1194,3.9200000762939453
1195,3.8399999141693115
1196,3.7100000381469727
1197,3.6500000953674316
1198,3.563333034515381
1199,3.7300000190734863
1200,3.72666597366333
1201,3.7833330631256104
1202,3.9066660404205322
1203,3.859999895095825
1204,3.873332977294922
1205,3.866666078567505
1206,4.026666164398193
1207,4.183332920074463
1208,4.233333110809326
1209,4.309999942779541
1210,4.266665935516357
1211,4.236666202545166
1212,4.199999809265137
1213,4.356666088104248
1214,4.269999980926514
1215,4.236666202545166
1216,4.183332920074463
1217,4.0833330154418945
1218,4.086666107177734
1219,4.090000152587891
1220,4.099999904632568
1221,4.103332996368408
1222,4.133333206176758
1223,4.246665954589844
1224,4.176665782928467
1225,4.133333206176758
1226,4.293333053588867
1227,4.306665897369385
1228,4.5
1229,4.483333110809326
1230,4.4633331298828125
1231,4.420000076293945
1232,4.46999979019165
1233,4.3333330154418945
1234,4.28000020980835
1235,4.396666049957275
1236,4.426665782928467
1237,4.3933329582214355
1238,4.406665802001953
1239,4.3333330154418945
1240,4.5
1241,4.400000095367432
1242,4.606666088104248
1243,4.573332786560059
1244,4.440000057220459
1245,4.416666030883789
1246,4.389999866485596
1247,4.353332996368408
1248,4.269999980926514
1249,4.233333110809326
1250,4.276666164398193
1251,4.139999866485596
1252,4.166666030883789
1253,4.190000057220459
1254,4.193333148956299
1255,4.166666030883789
1256,4.236666202545166
1257,4.303332805633545
1258,4.28000020980835
1259,4.383333206176758
1260,4.300000190734863
1261,4.25
1262,4.203332901000977
1263,4.346665859222412
1264,4.453332901000977
1265,4.599999904632568
1266,4.563333034515381
1267,4.566666126251221
1268,4.5833330154418945
1269,4.480000019073486
1270,4.619999885559082
1271,4.766665935516357
1272,4.656665802001953
1273,4.593332767486572
1274,4.670000076293945
1275,4.593332767486572
1276,4.666666030883789
1277,4.703332901000977
1278,4.703332901000977
1279,4.616665840148926
1280,4.593332767486572
1281,4.633333206176758
1282,4.666666030883789
1283,4.663332939147949
1284,4.666666030883789
1285,4.630000114440918
1286,4.516665935516357
1287,4.466666221618652
1288,4.599999904632568
1289,4.639999866485596
1290,4.663332939147949
1291,4.663332939147949
1292,4.6366658210754395
1293,4.546666145324707
1294,4.519999980926514
1295,4.639999866485596
1296,4.573332786560059
1297,4.646666049957275
1298,4.776666164398193
1299,4.683332920074463
1300,4.783332824707031
1301,4.626666069030762
1302,4.550000190734863
1303,4.480000019073486
1304,4.550000190734863
1305,4.493332862854004
1306,4.633333206176758
1307,4.5833330154418945
1308,4.510000228881836
1309,4.383333206176758
1310,4.316666126251221
1311,4.396666049957275
1312,4.409999847412109
1313,4.423333168029785
1314,4.433332920074463
1315,4.46999979019165
1316,4.3866658210754395
1317,4.3933329582214355
1318,4.453332901000977
1319,4.670000076293945
1320,4.599999904632568
1321,4.670000076293945
1322,4.699999809265137
1323,4.610000133514404
1324,4.516665935516357
1325,4.556665897369385
1326,4.576665878295898
1327,4.5233330726623535
1328,4.563333034515381
1329,4.486666202545166
1330,4.363333225250244
1331,4.3933329582214355
1332,4.406665802001953
1333,4.453332901000977
1334,4.496665954589844
1335,4.546666145324707
1336,4.576665878295898
1337,4.46999979019165
1338,4.579999923706055
1339,4.559999942779541
1340,4.570000171661377
1341,4.5
1342,4.486666202545166
1343,4.630000114440918
1344,4.536665916442871
1345,4.400000095367432
1346,4.366665840148926
1347,4.416666030883789
1348,4.269999980926514
1349,4.313333034515381
1350,4.400000095367432
1351,4.449999809265137
1352,4.516665935516357
1353,4.440000057220459
1354,4.550000190734863
1355,4.550000190734863
1356,4.483333110809326
1357,4.616665840148926
1358,4.71999979019165
1359,4.783332824707031
1360,4.760000228881836
1361,4.796666145324707
1362,4.786665916442871
1363,4.796666145324707
1364,4.816666126251221
1365,4.736666202545166
1366,4.739999771118164
1367,4.743332862854004
1368,4.690000057220459
1369,4.71999979019165
1370,4.816666126251221
1371,4.849999904632568
1372,4.8333330154418945
1373,4.796666145324707
1374,4.75666618347168
1375,4.793333053588867
1376,4.820000171661377
1377,4.699999809265137
1378,4.670000076293945
1379,4.650000095367432
1380,4.6533331871032715
1381,4.533332824707031
1382,4.573332786560059
1383,4.443333148956299
1384,4.436666011810303
1385,4.28000020980835
1386,4.199999809265137
1387,4.289999961853027
1388,4.230000019073486
1389,4.233333110809326
1390,4.366665840148926
1391,4.063333034515381
1392,3.9066660404205322
1393,3.8266661167144775
1394,3.916666030883789
1395,4.059999942779541
1396,4.036665916442871
1397,4.106666088104248
1398,4.106666088104248
1399,4.25666618347168
1400,4.050000190734863
1401,4.03000020980835
1402,4.050000190734863
1403,4.053332805633545
1404,4.043333053588867
1405,4.156665802001953
1406,4.300000190734863
1407,4.216666221618652
1408,4.236666202545166
1409,4.090000152587891
1410,4.159999847412109
1411,4.216666221618652
1412,4.113333225250244
1413,4.133333206176758
1414,4.1366658210754395
1415,4.103332996368408
1416,4.190000057220459
1417,4.190000057220459
1418,4.1433329582214355
1419,4.026666164398193
1420,4.099999904632568
1421,4.159999847412109
1422,4.050000190734863
1423,3.9666659832000732
1424,3.853332996368408
1425,3.873332977294922
1426,4.033332824707031
1427,3.8966660499572754
1428,3.9433329105377197
1429,3.950000047683716
1430,3.853332996368408
1431,3.8333330154418945
1432,3.9000000953674316
1433,3.7733330726623535
1434,3.759999990463257
1435,3.803333044052124
1436,3.799999952316284
1437,3.990000009536743
1438,3.9666659832000732
1439,3.7633330821990967
1440,3.8399999141693115
1441,3.859999895095825
1442,3.9100000858306885
1443,3.923332929611206
1444,3.9666659832000732
1445,4.00666618347168
1446,4.076665878295898
1447,4.183332920074463
1448,4.25
1449,4.190000057220459
1450,4.210000038146973
1451,4.119999885559082
1452,4.233333110809326
1453,4.266665935516357
1454,4.286665916442871
1455,4.449999809265137
1456,4.329999923706055
1457,4.22333288192749
1458,4.276666164398193
1459,4.269999980926514
1460,4.300000190734863
1461,4.216666221618652
1462,4.183332920074463
1463,4.126666069030762
1464,4.266665935516357
1465,4.173333168029785
1466,4.150000095367432
1467,4.216666221618652
1468,4.216666221618652
1469,4.210000038146973
1470,4.1966657638549805
1471,4.163332939147949
1472,4.190000057220459
1473,4.22666597366333
1474,4.199999809265137
1475,4.293333053588867
1476,4.266665935516357
1477,4.346665859222412
1478,4.316666126251221
1479,4.353332996368408
1480,4.300000190734863
1481,4.283332824707031
1482,4.183332920074463
1483,4.276666164398193
1484,4.309999942779541
1485,4.2733330726623535
1486,4.206665992736816
1487,4.1533331871032715
1488,4.133333206176758
1489,4.0
1490,4.043333053588867
1491,3.9433329105377197
1492,3.933332920074463
1493,3.866666078567505
1494,3.8233330249786377
1495,3.9433329105377197
1496,4.0
1497,3.983333110809326
1498,3.926666021347046
1499,3.913332939147949
1500,4.0
1501,3.9600000381469727
1502,3.913332939147949
1503,3.859999895095825
1504,3.8966660499572754
1505,3.930000066757202
1506,3.8333330154418945
1507,3.7033329010009766
1508,3.7133328914642334
1509,3.553333044052124
1510,3.75
1511,3.690000057220459
1512,3.6500000953674316
1513,3.5266659259796143
1514,3.6533329486846924
1515,3.5933330059051514
1516,3.596666097640991
1517,3.543333053588867
1518,3.5233330726623535
1519,3.569999933242798
1520,3.4966659545898438
1521,3.543333053588867
1522,3.603332996368408
1523,3.6333329677581787
1524,3.6866660118103027
1525,3.5266659259796143
1526,3.559999942779541
1527,3.4700000286102295
1528,3.4366660118103027
1529,3.5166659355163574
1530,3.3866660594940186
1531,3.3866660594940186
1532,3.363332986831665
1533,3.4100000858306885
1534,3.4466660022735596
1535,3.390000104904175
1536,3.359999895095825
1537,3.3399999141693115
1538,3.2766659259796143
1539,3.3333330154418945
1540,3.25
1541,3.233333110809326
1542,3.299999952316284
1543,3.2799999713897705
1544,3.1700000762939453
1545,3.1333329677581787
1546,3.1966660022735596
1547,3.0766661167144775
1548,3.103332996368408
1549,3.1500000953674316
1550,3.303333044052124
1551,3.2066659927368164
1552,3.166666030883789
1553,3.236665964126587
1554,3.123332977294922
1555,3.0799999237060547
1556,3.1933329105377197
1557,3.1566660404205322
1558,3.0899999141693115
1559,3.1866660118103027
1560,3.1566660404205322
1561,3.2066659927368164
1562,3.233333110809326
1563,3.2100000381469727
1564,3.173332929611206
1565,3.356666088104248
1566,3.356666088104248
1567,3.3333330154418945
1568,3.4000000953674316
1569,3.423332929611206
1570,3.3499999046325684
1571,3.296665906906128
1572,3.299999952316284
1573,3.2833330631256104
1574,3.2633330821990967
1575,3.346666097640991
1576,3.426666021347046
1577,3.4700000286102295
1578,3.4966659545898438
1579,3.450000047683716
1580,3.4966659545898438
1581,3.4733328819274902
1582,3.433332920074463
1583,3.5833330154418945
1584,3.6500000953674316
1585,3.75
1586,3.619999885559082
1587,3.7566659450531006
1588,3.75333309173584
1589,3.7799999713897705
1590,3.890000104904175
1591,3.863332986831665
1592,3.9066660404205322
1593,3.813333034515381
1594,3.819999933242798
1595,3.799999952316284
1596,3.7100000381469727
1597,3.7666659355163574
1598,3.813333034515381
1599,3.880000114440918
1600,3.853332996368408
1601,3.866666078567505
1602,3.75333309173584
1603,3.7066659927368164
1604,3.8333330154418945
1605,3.799999952316284
1606,3.9533329010009766
1607,3.9566659927368164
1608,3.9466660022735596
1609,4.0
1610,3.9100000858306885
1611,3.8866660594940186
1612,3.9666659832000732
1613,3.933332920074463
1614,3.9466660022735596
1615,3.913332939147949
1616,3.9633328914642334
1617,3.9100000858306885
1618,3.859999895095825
1619,3.8833329677581787
1620,3.933332920074463
1621,3.926666021347046
1622,3.933332920074463
1623,3.9000000953674316
1624,3.9000000953674316
1625,3.793333053588867
1626,3.6600000858306885
1627,3.663332939147949
1628,3.666666030883789
1629,3.630000114440918
1630,3.630000114440918
1631,3.733333110809326
1632,3.796665906906128
1633,3.913332939147949
1634,3.913332939147949
1635,3.933332920074463
1636,3.9666659832000732
1637,3.923332929611206
1638,4.070000171661377
1639,3.9433329105377197
1640,3.930000066757202
1641,3.9600000381469727
1642,3.930000066757202
1643,3.9366660118103027
1644,3.9100000858306885
1645,3.863332986831665
1646,3.856666088104248
1647,3.75
1648,3.8333330154418945
1649,3.813333034515381
1650,3.8166658878326416
1651,3.75333309173584
1652,3.863332986831665
1653,3.950000047683716
1654,4.056665897369385
1655,4.070000171661377
1656,4.116665840148926
1657,4.070000171661377
1658,4.306665897369385
1659,4.380000114440918
1660,4.433332920074463
1661,4.25
1662,4.396666049957275
1663,4.389999866485596
1664,4.3866658210754395
1665,4.190000057220459
1666,4.150000095367432
1667,4.036665916442871
1668,4.059999942779541
1669,4.159999847412109
1670,4.099999904632568
1671,4.170000076293945
1672,4.053332805633545
1673,4.016665935516357
1674,4.110000133514404
1675,4.076665878295898
1676,4.0
1677,4.050000190734863
1678,4.22666597366333
1679,4.316666126251221
1680,4.416666030883789
1681,4.303332805633545
1682,4.28000020980835
1683,4.22333288192749
1684,4.300000190734863
1685,4.300000190734863
1686,4.4033331871032715
1687,4.389999866485596
1688,4.5
1689,4.666666030883789
1690,4.6366658210754395
1691,4.699999809265137
1692,4.6366658210754395
1693,4.730000019073486
1694,4.596665859222412
1695,4.4633331298828125
1696,4.400000095367432
1697,4.426665782928467
1698,4.216666221618652
1699,4.360000133514404
1700,4.460000038146973
1701,4.4633331298828125
1702,4.3333330154418945
1703,4.260000228881836
1704,4.099999904632568
1705,4.130000114440918
1706,4.1366658210754395
1707,4.110000133514404
1708,4.233333110809326
1709,3.890000104904175
1710,3.7300000190734863
1711,3.630000114440918
1712,3.680000066757202
1713,3.7133328914642334
1714,4.016665935516357
1715,4.113333225250244
1716,4.110000133514404
1717,4.230000019073486
1718,3.9966659545898438
1719,4.316666126251221
1720,4.316666126251221
1721,4.183332920074463
1722,3.933332920074463
1723,4.063333034515381
1724,3.8866660594940186
1725,3.563333034515381
1726,3.5266659259796143
1727,3.380000114440918
1728,3.553333044052124
1729,3.5066659450531006
1730,3.630000114440918
1731,3.4666659832000732
1732,3.4966659545898438
1733,3.6333329677581787
1734,3.5333330631256104
1735,3.536665916442871
1736,3.4433329105377197
1737,3.3499999046325684
1738,3.3433330059051514
1739,3.296665906906128
1740,3.309999942779541
1741,3.3766660690307617
1742,3.286665916442871
1743,3.293333053588867
1744,3.2166659832000732
1745,3.299999952316284
1746,3.3266661167144775
1747,3.5166659355163574
1748,3.5066659450531006
1749,3.5333330631256104
1750,3.543333053588867
1751,3.5166659355163574
1752,3.509999990463257
1753,3.2899999618530273
1754,3.1966660022735596
1755,3.25
1756,3.200000047683716
1757,3.2233328819274902
1758,3.096666097640991
1759,3.0666658878326416
1760,3.0199999809265137
1761,3.0
1762,2.940000057220459
1763,2.9666659832000732
1764,2.950000047683716
1765,3.0999999046325684
1766,3.123332977294922
1767,3.123332977294922
1768,3.2233328819274902
1769,3.2833330631256104
1770,3.2300000190734863
1771,3.2899999618530273
1772,3.2799999713897705
1773,3.1700000762939453
1774,3.0833330154418945
1775,3.113332986831665
1776,3.236665964126587
1777,3.1933329105377197
1778,3.109999895095825
1779,3.0199999809265137
1780,3.0266659259796143
1781,3.0866661071777344
1782,3.0733330249786377
1783,3.166666030883789
1784,2.993333101272583
1785,3.053333044052124
1786,3.1933329105377197
1787,3.3299999237060547
1788,3.2733330726623535
1789,3.233333110809326
1790,3.293333053588867
1791,3.2200000286102295
1792,3.2833330631256104
1793,3.0666658878326416
1794,3.106666088104248
1795,3.1933329105377197
1796,3.25
1797,3.22666597366333
1798,3.1433329582214355
1799,3.1433329582214355
1800,3.113332986831665
1801,2.990000009536743
1802,3.0899999141693115
1803,3.1266660690307617
1804,3.2133328914642334
1805,3.2200000286102295
1806,3.236665964126587
1807,3.1966660022735596
1808,3.3166658878326416
1809,3.293333053588867
1810,3.3433330059051514
1811,3.359999895095825
1812,3.2166659832000732
1813,3.2833330631256104
1814,3.309999942779541
1815,3.2133328914642334
1816,3.2233328819274902
1817,3.2033329010009766
1818,3.1700000762939453
1819,3.2466659545898438
1820,3.2100000381469727
1821,3.2166659832000732
1822,3.3233330249786377
1823,3.5766661167144775
1824,3.75
1825,3.6933329105377197
1826,3.793333053588867
1827,3.740000009536743
1828,3.6533329486846924
1829,3.613332986831665
1830,3.676666021347046
1831,3.7100000381469727
1832,3.7833330631256104
1833,3.7066659927368164
1834,3.9066660404205322
1835,4.00666618347168
1836,3.9700000286102295
1837,3.869999885559082
1838,3.993333101272583
1839,3.993333101272583
1840,4.03000020980835
1841,4.050000190734863
1842,4.0233330726623535
1843,4.146666049957275
1844,4.063333034515381
1845,4.063333034515381
1846,4.00666618347168
1847,4.070000171661377
1848,4.113333225250244
1849,4.25333309173584
1850,4.199999809265137
1851,4.186666011810303
1852,4.076665878295898
1853,4.146666049957275
1854,4.239999771118164
1855,4.260000228881836
1856,4.260000228881836
1857,4.126666069030762
1858,4.203332901000977
1859,4.1966657638549805
1860,4.090000152587891
1861,4.016665935516357
1862,4.033332824707031
1863,4.086666107177734
1864,4.133333206176758
1865,4.099999904632568
1866,4.066666126251221
1867,4.033332824707031
1868,3.940000057220459
1869,3.9033329486846924
1870,3.856666088104248
1871,3.9000000953674316
1872,3.853332996368408
1873,3.733333110809326
1874,3.859999895095825
1875,3.940000057220459
1876,3.923332929611206
1877,3.913332939147949
1878,3.846666097640991
1879,3.846666097640991
1880,3.9366660118103027
1881,3.9366660118103027
1882,3.9033329486846924
1883,3.9100000858306885
1884,3.880000114440918
1885,3.866666078567505
1886,3.9033329486846924
1887,3.8399999141693115
1888,3.853332996368408
1889,3.803333044052124
1890,3.799999952316284
1891,3.8366661071777344
1892,3.8933329582214355
1893,3.8299999237060547
1894,3.890000104904175
1895,3.863332986831665
1896,3.8499999046325684
1897,3.813333034515381
1898,3.846666097640991
1899,3.913332939147949
1900,3.856666088104248
1901,3.930000066757202
1902,3.9433329105377197
1903,4.013332843780518
1904,3.950000047683716
1905,3.990000009536743
1906,3.9066660404205322
1907,3.819999933242798
1908,3.75333309173584
1909,3.7066659927368164
1910,3.5666658878326416
1911,3.490000009536743
1912,3.4666659832000732
1913,3.433332920074463
1914,3.4066660404205322
1915,3.423332929611206
1916,3.486665964126587
1917,3.430000066757202
1918,3.4200000762939453
1919,3.4100000858306885
1920,3.3933329582214355
1921,3.356666088104248
1922,3.450000047683716
1923,3.5333330631256104
1924,3.4966659545898438
1925,3.5666658878326416
1926,3.5266659259796143
1927,3.483333110809326
1928,3.5766661167144775
1929,3.5399999618530273
1930,3.613332986831665
1931,3.483333110809326
1932,3.5
1933,3.4000000953674316
1934,3.619999885559082
1935,3.7166659832000732
1936,3.6533329486846924
1937,3.5933330059051514
1938,3.450000047683716
1939,3.4733328819274902
1940,3.5133330821990967
1941,3.4000000953674316
1942,3.413332939147949
1943,3.543333053588867
1944,3.5999999046325684
1945,3.553333044052124
1946,3.680000066757202
1947,3.799999952316284
1948,3.9600000381469727
1949,3.7899999618530273
1950,3.7200000286102295
1951,3.6533329486846924
1952,3.6966660022735596
1953,3.6466660499572754
1954,3.7033329010009766
1955,3.663332939147949
1956,3.5933330059051514
1957,3.5833330154418945
1958,3.6933329105377197
1959,3.793333053588867
1960,3.926666021347046
1961,3.8499999046325684
1962,3.846666097640991
1963,3.856666088104248
1964,3.890000104904175
1965,3.9733328819274902
1966,3.923332929611206
1967,3.7666659355163574
1968,3.8399999141693115
1969,3.813333034515381
1970,3.819999933242798
1971,3.793333053588867
1972,3.7899999618530273
1973,3.9533329010009766
1974,4.016665935516357
1975,4.0233330726623535
1976,3.983333110809326
1977,3.993333101272583
1978,3.8399999141693115
1979,3.799999952316284
1980,4.133333206176758
1981,4.103332996368408
1982,4.076665878295898
1983,4.0
1984,4.026666164398193
1985,4.076665878295898
1986,4.166666030883789
1987,4.073332786560059
1988,4.0
1989,4.00333309173584
1990,4.03000020980835
1991,4.133333206176758
1992,4.070000171661377
1993,4.150000095367432
1994,4.046666145324707
1995,4.046666145324707
1996,4.013332843780518
1997,3.9200000762939453
1998,3.7899999618530273
1999,3.866666078567505
2000,3.8399999141693115
2001,3.933332920074463
2002,3.853332996368408
2003,3.8499999046325684
2004,3.7833330631256104
2005,3.993333101272583
2006,3.990000009536743
2007,4.0
2008,3.9066660404205322
2009,3.863332986831665
2010,3.866666078567505
2011,3.9033329486846924
2012,3.743333101272583
2013,3.6866660118103027
2014,3.700000047683716
2015,3.683332920074463
2016,3.6366660594940186
2017,3.6433329582214355
2018,3.630000114440918
2019,3.483333110809326
2020,3.616666078567505
2021,3.613332986831665
2022,3.4633328914642334
2023,3.5066659450531006
2024,3.5
2025,3.47666597366333
2026,3.4700000286102295
2027,3.543333053588867
2028,3.4700000286102295
2029,3.4666659832000732
2030,3.509999990463257
2031,3.416666030883789
2032,3.359999895095825
2033,3.346666097640991
2034,3.3166658878326416
2035,3.4200000762939453
2036,3.4566659927368164
2037,3.4200000762939453
2038,3.490000009536743
2039,3.4000000953674316
2040,3.4600000381469727
2041,3.4966659545898438
2042,3.4366660118103027
2043,3.4433329105377197
2044,3.4000000953674316
2045,3.3833329677581787
2046,3.4600000381469727
2047,3.483333110809326
2048,3.5066659450531006
2049,3.5199999809265137
2050,3.5166659355163574
2051,3.743333101272583
2052,3.7166659832000732
2053,3.72666597366333
2054,3.700000047683716
2055,3.733333110809326
2056,3.873332977294922
2057,4.063333034515381
2058,4.183332920074463
2059,4.480000019073486
2060,4.933332920074463
2061,4.670000076293945
2062,4.690000057220459
2063,4.926665782928467
2064,5.1533331871032715
2065,5.266665935516357
2066,5.096665859222412
2067,4.843332767486572
2068,4.960000038146973
2069,5.283332824707031
2070,5.166666030883789
2071,5.199999809265137
2072,5.159999847412109
2073,5.096665859222412
2074,5.110000133514404
2075,5.25
2076,5.186666011810303
2077,5.22666597366333
2078,5.116665840148926
2079,5.199999809265137
2080,5.096665859222412
2081,5.190000057220459
2082,4.926665782928467
2083,5.043333053588867
2084,5.300000190734863
2085,5.22666597366333
2086,5.349999904632568
2087,5.533332824707031
2088,5.666666030883789
2089,5.699999809265137
2090,5.489999771118164
2091,5.573332786560059
2092,5.716666221618652
2093,5.639999866485596
2094,5.563333034515381
2095,5.579999923706055
2096,5.883333206176758
2097,5.996665954589844
2098,5.72666597366333
2099,5.7133331298828125
2100,5.5833330154418945
2101,5.576665878295898
2102,5.516665935516357
2103,5.493332862854004
2104,5.50666618347168
2105,5.826665878295898
2106,5.860000133514404
2107,6.026666164398193
2108,5.913332939147949
2109,5.849999904632568
2110,5.566666126251221
2111,5.50333309173584
2112,5.5
2113,5.466666221618652
2114,5.416666030883789
2115,5.3866658210754395
2116,5.363333225250244
2117,5.396666049957275
2118,5.3333330154418945
2119,5.306665897369385
2120,5.346665859222412
2121,5.400000095367432
2122,5.546666145324707
2123,5.480000019073486
2124,5.406665802001953
2125,5.599999904632568
2126,5.599999904632568
2127,5.376666069030762
2128,5.300000190734863
2129,5.2733330726623535
2130,5.396666049957275
2131,5.376666069030762
2132,5.356666088104248
2133,5.550000190734863
2134,5.6433329582214355
2135,5.656665802001953
2136,5.736666202545166
2137,5.6366658210754395
2138,5.573332786560059
2139,5.716666221618652
2140,5.733333110809326
2141,6.0
2142,5.966666221618652
2143,6.0
2144,5.883333206176758
2145,5.8333330154418945
2146,5.876666069030762
2147,6.050000190734863
2148,6.139999866485596
2149,6.233333110809326
2150,6.373332977294922
2151,6.606666088104248
2152,6.699999809265137
2153,6.789999961853027
2154,6.733333110809326
2155,6.449999809265137
2156,6.449999809265137
2157,6.440000057220459
2158,6.400000095367432
2159,6.360000133514404
2160,6.289999961853027
2161,6.400000095367432
2162,6.363333225250244
2163,6.25666618347168
2164,6.090000152587891
2165,6.066666126251221
2166,6.3333330154418945
2167,6.373332977294922
2168,6.246665954589844
2169,6.343332767486572
2170,6.22333288192749
2171,6.383333206176758
2172,6.449999809265137
2173,6.25333309173584
2174,6.163332939147949
2175,6.25333309173584
2176,6.116665840148926
2177,6.099999904632568
2178,5.983333110809326
2179,6.0
2180,5.993332862854004
2181,6.016665935516357
2182,5.989999771118164
2183,5.953332901000977
2184,6.033332824707031
2185,5.96999979019165
2186,5.786665916442871
2187,5.993332862854004
2188,5.966666221618652
2189,5.989999771118164
2190,5.913332939147949
2191,5.6433329582214355
2192,5.656665802001953
2193,5.466666221618652
2194,5.5233330726623535
2195,5.716666221618652
2196,5.673333168029785
2197,5.703332901000977
2198,5.683332920074463
2199,5.730000019073486
2200,5.75666618347168
2201,5.663332939147949
2202,5.573332786560059
2203,5.613333225250244
2204,5.663332939147949
2205,5.539999961853027
2206,5.603332996368408
2207,5.800000190734863
2208,5.75
2209,5.813333034515381
2210,5.8333330154418945
2211,5.936666011810303
2212,5.97333288192749
2213,5.829999923706055
2214,5.863333225250244
2215,5.900000095367432
2216,5.933332920074463
2217,5.943333148956299
2218,6.076665878295898
2219,6.199999809265137
2220,6.199999809265137
2221,6.21999979019165
2222,6.133333206176758
2223,6.150000095367432
2224,6.166666030883789
2225,6.099999904632568
2226,6.266665935516357
2227,6.0833330154418945
2228,5.906665802001953
2229,5.863333225250244
2230,6.186666011810303
2231,6.133333206176758
2232,5.989999771118164
2233,5.786665916442871
2234,5.666666030883789
2235,5.5833330154418945
2236,5.586666107177734
2237,5.486666202545166
2238,5.519999980926514
2239,5.483333110809326
2240,5.496665954589844
2241,5.433332920074463
2242,5.4466657638549805
2243,5.47333288192749
2244,5.553332805633545
2245,5.496665954589844
2246,5.536665916442871
2247,5.239999771118164
2248,5.3333330154418945
2249,5.2133331298828125
2250,5.346665859222412
2251,5.413332939147949
2252,5.376666069030762
2253,5.246665954589844
2254,5.156665802001953
2255,5.239999771118164
2256,5.066666126251221
2257,5.0
2258,5.126666069030762
2259,5.170000076293945
2260,5.216666221618652
2261,5.193333148956299
2262,5.099999904632568
2263,5.246665954589844
2264,5.293333053588867
2265,5.366665840148926
2266,5.5
2267,5.5
2268,5.426665782928467
2269,5.650000095367432
2270,5.75666618347168
2271,5.686666011810303
2272,5.683332920074463
2273,5.683332920074463
2274,5.789999961853027
2275,5.816666126251221
2276,5.96999979019165
2277,5.960000038146973
2278,5.923333168029785
2279,5.960000038146973
2280,5.916666030883789
2281,5.949999809265137
2282,6.073332786560059
2283,6.179999828338623
2284,6.036665916442871
2285,6.099999904632568
2286,6.123332977294922
2287,6.063333034515381
2288,6.163332939147949
2289,6.179999828338623
2290,6.183332920074463
2291,6.236666202545166
2292,6.21999979019165
2293,6.25333309173584
2294,6.28000020980835
2295,6.260000228881836
2296,6.266665935516357
2297,6.300000190734863
2298,6.269999980926514
2299,6.519999980926514
2300,6.526666164398193
2301,6.566666126251221
2302,6.5
2303,6.666666030883789
2304,6.676665782928467
2305,6.50333309173584
2306,6.340000152587891
2307,6.366665840148926
2308,6.233333110809326
2309,6.266665935516357
2310,6.22666597366333
2311,6.156665802001953
2312,6.110000133514404
2313,6.066666126251221
2314,6.230000019073486
2315,6.303332805633545
2316,6.266665935516357
2317,6.426665782928467
2318,6.106666088104248
2319,6.070000171661377
2320,6.1366658210754395
2321,6.123332977294922
2322,6.313333034515381
2323,6.233333110809326
2324,6.236666202545166
2325,6.22666597366333
2326,6.22333288192749
2327,6.449999809265137
2328,6.4633331298828125
2329,6.429999828338623
2330,6.483333110809326
2331,6.563333034515381
2332,6.493332862854004
2333,6.383333206176758
2334,6.486666202545166
2335,6.436666011810303
2336,6.380000114440918
2337,6.353332996368408
2338,6.170000076293945
2339,6.516665935516357
2340,6.566666126251221
2341,6.436666011810303
2342,6.383333206176758
2343,6.340000152587891
2344,6.3866658210754395
2345,6.363333225250244
2346,6.316666126251221
2347,6.336666107177734
2348,6.516665935516357
2349,6.50333309173584
2350,6.433332920074463
2351,6.483333110809326
2352,6.466666221618652
2353,6.493332862854004
2354,6.6366658210754395
2355,6.670000076293945
2356,6.7133331298828125
2357,6.793333053588867
2358,6.880000114440918
2359,6.8333330154418945
2360,6.25666618347168
2361,6.383333206176758
2362,6.170000076293945
2363,6.1966657638549805
2364,6.266665935516357
2365,6.176665782928467
2366,6.373332977294922
2367,6.373332977294922
2368,6.313333034515381
2369,6.139999866485596
2370,6.179999828338623
2371,6.216666221618652
2372,6.216666221618652
2373,6.183332920074463
2374,6.25333309173584
2375,6.1966657638549805
2376,6.183332920074463
2377,6.1433329582214355
2378,6.183332920074463
2379,6.260000228881836
2380,6.260000228881836
2381,6.309999942779541
2382,6.426665782928467
2383,6.2733330726623535
2384,6.366665840148926
2385,6.326665878295898
2386,6.286665916442871
2387,6.4633331298828125
2388,6.416666030883789
2389,6.47333288192749
2390,6.510000228881836
2391,6.5833330154418945
2392,6.619999885559082
2393,6.613333225250244
2394,6.606666088104248
2395,6.5
2396,6.436666011810303
2397,6.489999771118164
2398,6.566666126251221
2399,6.7133331298828125
2400,6.816666126251221
2401,6.843332767486572
2402,6.889999866485596
2403,6.856666088104248
2404,6.873332977294922
2405,6.926665782928467
2406,6.933332920074463
2407,7.0
2408,6.949999809265137
2409,6.9033331871032715
2410,6.906665802001953
2411,6.900000095367432
2412,6.829999923706055
2413,6.966666221618652
2414,7.026666164398193
2415,7.050000190734863
2416,7.019999980926514
2417,7.166666030883789
2418,7.110000133514404
2419,7.090000152587891
2420,7.033332824707031
2421,7.033332824707031
2422,7.150000095367432
2423,7.25
2424,7.190000057220459
2425,7.1366658210754395
2426,7.296666145324707
2427,7.303332805633545
2428,7.516665935516357
2429,7.613333225250244
2430,7.526666164398193
2431,7.443333148956299
2432,7.4466657638549805
2433,7.513332843780518
2434,7.453332901000977
2435,7.373332977294922
2436,7.510000228881836
2437,7.516665935516357
2438,7.533332824707031
2439,7.586666107177734
2440,7.586666107177734
2441,7.646666049957275
2442,7.656665802001953
2443,7.633333206176758
2444,7.633333206176758
2445,7.789999961853027
2446,7.876666069030762
2447,7.926665782928467
2448,8.09000015258789
2449,8.263333320617676
2450,8.326665878295898
2451,8.329999923706055
2452,8.10666561126709
2453,8.00666618347168
2454,7.883333206176758
2455,7.809999942779541
2456,7.983333110809326
2457,7.97666597366333
2458,8.156665802001953
2459,8.076665878295898
2460,7.966666221618652
2461,7.916666030883789
2462,7.863333225250244
2463,7.97333288192749
2464,8.013333320617676
2465,8.013333320617676
2466,7.920000076293945
2467,7.9466657638549805
2468,7.980000019073486
2469,8.180000305175781
2470,8.149999618530273
2471,8.213333129882812
2472,8.126666069030762
2473,8.166666030883789
2474,8.416666030883789
2475,8.319999694824219
2476,8.363332748413086
2477,8.09666633605957
2478,7.966666221618652
2479,7.960000038146973
2480,7.960000038146973
2481,7.78000020980835
2482,7.783332824707031
2483,7.533332824707031
2484,7.739999771118164
2485,7.610000133514404
2486,7.466666221618652
2487,7.566666126251221
2488,7.443333148956299
2489,7.443333148956299
2490,7.836666107177734
2491,7.8933329582214355
2492,7.8933329582214355
2493,8.09333324432373
2494,8.16333293914795
2495,8.156665802001953
2496,8.100000381469727
2497,8.09000015258789
2498,8.086666107177734
2499,7.8333330154418945
2500,7.746665954589844
2501,7.673333168029785
2502,7.6366658210754395
2503,7.556665897369385
2504,7.483333110809326
2505,7.346665859222412
2506,7.243332862854004
2507,7.346665859222412
2508,7.5
2509,7.326665878295898
2510,7.353332996368408
2511,7.323332786560059
2512,7.343332767486572
2513,7.300000190734863
2514,7.329999923706055
2515,7.426665782928467
2516,7.429999828338623
2517,7.429999828338623
2518,7.453332901000977
2519,7.556665897369385
2520,7.593332767486572
2521,7.593332767486572
2522,7.6366658210754395
2523,7.766665935516357
2524,7.816666126251221
2525,7.929999828338623
2526,7.966666221618652
2527,7.853332996368408
2528,7.783332824707031
2529,7.909999847412109
2530,7.869999885559082
2531,7.8933329582214355
2532,7.9466657638549805
2533,8.013333320617676
2534,8.10666561126709
2535,8.293333053588867
2536,8.25
2537,8.19333267211914
2538,8.623332977294922
2539,8.623332977294922
2540,8.783332824707031
2541,8.796666145324707
2542,8.733332633972168
2543,8.69333267211914
2544,8.75666618347168
2545,8.666666030883789
2546,8.303333282470703
2547,8.329999923706055
2548,8.223333358764648
2549,8.153332710266113
2550,7.996665954589844
2551,8.146665573120117
2552,8.369999885559082
2553,8.513333320617676
2554,8.5
2555,8.616665840148926
2556,8.886666297912598
2557,8.770000457763672
2558,9.00333309173584
2559,9.069999694824219
2560,8.833333015441895
2561,8.539999961853027
2562,8.529999732971191
2563,8.626666069030762
2564,8.733332633972168
2565,8.75
2566,8.716666221618652
2567,8.69666576385498
2568,9.0
2569,8.989999771118164
2570,8.970000267028809
2571,8.813332557678223
2572,8.666666030883789
2573,8.583333015441895
2574,8.520000457763672
2575,8.686665534973145
2576,8.739999771118164
2577,8.65999984741211
2578,8.476666450500488
2579,8.553333282470703
2580,8.529999732971191
2581,8.699999809265137
2582,8.896665573120117
2583,8.829999923706055
2584,8.816665649414062
2585,8.723333358764648
2586,8.923333168029785
2587,8.936665534973145
2588,8.733332633972168
2589,8.760000228881836
2590,8.850000381469727
2591,8.963333129882812
2592,8.806666374206543
2593,8.460000038146973
2594,8.556666374206543
2595,8.75
2596,8.686665534973145
2597,8.566665649414062
2598,8.579999923706055
2599,8.433333396911621
2600,8.353333473205566
2601,8.556666374206543
2602,8.609999656677246
2603,8.433333396911621
2604,8.203332901000977
2605,8.053333282470703
2606,8.013333320617676
2607,7.993332862854004
2608,7.9633331298828125
2609,8.020000457763672
2610,8.226666450500488
2611,7.866665840148926
2612,7.763332843780518
2613,7.599999904632568
2614,7.693333148956299
2615,7.369999885559082
2616,7.426665782928467
2617,7.383333206176758
2618,7.783332824707031
2619,7.366665840148926
2620,7.199999809265137
2621,7.00666618347168
2622,6.843332767486572
2623,6.909999847412109
2624,7.25666618347168
2625,7.416666030883789
2626,7.606666088104248
2627,7.373332977294922
2628,7.1366658210754395
2629,6.666666030883789
2630,6.9466657638549805
2631,6.806665897369385
2632,7.0
2633,6.889999866485596
2634,6.716666221618652
2635,6.596665859222412
2636,6.4033331871032715
2637,6.6433329582214355
2638,6.593332767486572
2639,6.5233330726623535
2640,6.656665802001953
2641,6.896666049957275
2642,6.880000114440918
2643,6.733333110809326
2644,6.840000152587891
2645,6.816666126251221
2646,6.880000114440918
2647,6.9633331298828125
2648,7.046666145324707
2649,7.00333309173584
2650,7.25
2651,7.456665992736816
2652,7.460000038146973
2653,7.686666011810303
2654,7.940000057220459
2655,7.8333330154418945
2656,7.980000019073486
2657,7.739999771118164
2658,7.699999809265137
2659,7.75
2660,7.663332939147949
2661,7.746665954589844
2662,7.926665782928467
2663,7.849999904632568
2664,7.883333206176758
2665,7.916666030883789
2666,7.929999828338623
2667,7.889999866485596
2668,8.033332824707031
2669,8.316665649414062
2670,8.239999771118164
2671,8.0
2672,7.809999942779541
2673,7.75333309173584
2674,7.593332767486572
2675,7.633333206176758
2676,7.776666164398193
2677,7.730000019073486
2678,7.739999771118164
2679,7.516665935516357
2680,7.53000020980835
2681,7.400000095367432
2682,7.47666597366333
2683,7.043333053588867
2684,7.039999961853027
2685,7.25
2686,7.233333110809326
2687,7.416666030883789
2688,7.22333288192749
2689,7.25333309173584
2690,7.106666088104248
2691,6.96999979019165
2692,7.2733330726623535
2693,7.28000020980835
2694,7.293333053588867
2695,7.019999980926514
2696,7.066666126251221
2697,7.066666126251221
2698,7.210000038146973
2699,7.373332977294922
2700,7.400000095367432
2701,7.4466657638549805
2702,7.556665897369385
2703,7.699999809265137
2704,7.593332767486572
2705,7.493332862854004
2706,7.533332824707031
2707,7.789999961853027
2708,7.800000190734863
2709,7.650000095367432
2710,7.966666221618652
2711,8.09000015258789
2712,8.156665802001953
2713,8.083333015441895
2714,8.233332633972168
2715,8.366665840148926
2716,8.266666412353516
2717,7.940000057220459
2718,8.036665916442871
2719,8.333333015441895
2720,8.433333396911621
2721,8.09000015258789
2722,8.016666412353516
2723,8.199999809265137
2724,8.333333015441895
2725,8.1899995803833
2726,8.166666030883789
2727,8.460000038146973
2728,8.366665840148926
2729,8.800000190734863
2730,8.84666633605957
2731,9.146665573120117
2732,9.083333015441895
2733,8.953332901000977
2734,8.649999618530273
2735,8.516666412353516
2736,8.563332557678223
2737,8.630000114440918
2738,8.583333015441895
2739,8.666666030883789
2740,9.09666633605957
2741,8.75333309173584
2742,8.883333206176758
2743,8.863332748413086
2744,8.800000190734863
2745,8.796666145324707
2746,9.353333473205566
2747,9.399999618530273
2748,9.550000190734863
2749,9.399999618530273
2750,9.383333206176758
2751,9.300000190734863
2752,9.403332710266113
2753,9.529999732971191
2754,9.5
2755,9.170000076293945
2756,9.19666576385498
2757,9.383333206176758
2758,9.233332633972168
2759,9.116665840148926
2760,8.933333396911621
2761,8.883333206176758
2762,8.720000267028809
2763,8.699999809265137
2764,8.91333293914795
2765,8.683333396911621
2766,8.720000267028809
2767,8.936665534973145
2768,9.263333320617676
2769,9.666666030883789
2770,9.316665649414062
2771,9.266666412353516
2772,9.293333053588867
2773,9.336666107177734
2774,9.423333168029785
2775,9.623332977294922
2776,9.836666107177734
2777,9.739999771118164
2778,9.949999809265137
2779,10.0
2780,10.133333206176758
2781,10.166666030883789
2782,9.923333168029785
2783,10.239999771118164
2784,10.550000190734863
2785,10.743332862854004
2786,10.516666412353516
2787,10.489999771118164
2788,10.489999771118164
2789,10.646665573120117
2790,10.75666618347168
2791,10.993332862854004
2792,10.733332633972168
2793,10.333333015441895
2794,10.44333267211914
2795,10.260000228881836
2796,10.373332977294922
2797,10.34666633605957
2798,10.786665916442871
2799,10.773332595825195
2800,10.656665802001953
2801,10.933333396911621
2802,10.850000381469727
2803,10.783332824707031
2804,11.063332557678223
2805,11.149999618530273
2806,11.283332824707031
2807,11.109999656677246
2808,10.930000305175781
2809,10.626666069030762
2810,10.536665916442871
2811,10.363332748413086
2812,10.536665916442871
2813,10.966666221618652
2814,11.016666412353516
2815,11.09333324432373
2816,11.0600004196167
2817,11.289999961853027
2818,11.453332901000977
2819,11.5600004196167
2820,11.350000381469727
2821,11.156665802001953
2822,10.850000381469727
2823,10.826665878295898
2824,11.100000381469727
2825,10.423333168029785
2826,10.6899995803833
2827,10.706665992736816
2828,10.859999656677246
2829,10.886666297912598
2830,10.520000457763672
2831,10.91333293914795
2832,10.966666221618652
2833,11.0
2834,10.673333168029785
2835,10.713333129882812
2836,10.473333358764648
2837,10.226666450500488
2838,10.383333206176758
2839,10.483332633972168
2840,10.366665840148926
2841,10.649999618530273
2842,10.649999618530273
2843,10.94666576385498
2844,11.166666030883789
2845,11.59000015258789
2846,11.373332977294922
2847,11.466666221618652
2848,11.483332633972168
2849,11.300000190734863
2850,11.35666561126709
2851,11.233332633972168
2852,11.220000267028809
2853,11.449999809265137
2854,11.300000190734863
2855,11.100000381469727
2856,10.779999732971191
2857,10.866665840148926
2858,10.833333015441895
2859,10.633333206176758
2860,10.566665649414062
2861,10.903332710266113
2862,11.4399995803833
2863,11.326665878295898
2864,11.44666576385498
2865,11.399999618530273
2866,11.569999694824219
2867,11.91333293914795
2868,12.036665916442871
2869,12.233332633972168
2870,12.1899995803833
2871,12.166666030883789
2872,12.116665840148926
2873,11.973333358764648
2874,12.433333396911621
2875,12.363332748413086
2876,12.416666030883789
2877,12.673333168029785
2878,12.546666145324707
2879,12.586666107177734
2880,11.916666030883789
2881,11.833333015441895
2882,12.703332901000977
2883,12.463333129882812
2884,13.25
2885,13.233332633972168
2886,12.553333282470703
2887,12.300000190734863
2888,12.529999732971191
2889,12.486665725708008
2890,12.716666221618652
2891,12.516666412353516
2892,12.800000190734863
2893,13.246665954589844
2894,13.466666221618652
2895,13.433333396911621
2896,14.033332824707031
2897,13.720000267028809
2898,13.233332633972168
2899,13.246665954589844
2900,13.666666030883789
2901,13.763333320617676
2902,13.676666259765625
2903,13.460000038146973
2904,13.783332824707031
2905,13.583333015441895
2906,14.176666259765625
2907,13.966666221618652
2908,14.046666145324707
2909,14.206665992736816
2910,14.376666069030762
2911,14.063332557678223
2912,14.283332824707031
2913,14.373332977294922
2914,13.823332786560059
2915,14.266666412353516
2916,14.479999542236328
2917,15.109999656677246
2918,15.166666030883789
2919,14.746665954589844
2920,15.286665916442871
2921,14.566665649414062
2922,14.449999809265137
2923,14.833333015441895
2924,15.166666030883789
2925,15.25333309173584
2926,15.273332595825195
2927,15.156665802001953
2928,14.609999656677246
2929,14.100000381469727
2930,14.333333015441895
2931,14.543333053588867
2932,14.763333320617676
2933,14.933333396911621
2934,14.646665573120117
2935,14.583333015441895
2936,14.876666069030762
2937,15.100000381469727
2938,15.300000190734863
2939,14.60666561126709
2940,14.633333206176758
2941,14.84333324432373
2942,14.826665878295898
2943,14.333333015441895
2944,14.35666561126709
2945,14.706665992736816
2946,14.973333358764648
2947,14.859999656677246
2948,15.10666561126709
2949,14.953332901000977
2950,14.766666412353516
2951,14.670000076293945
2952,14.923333168029785
2953,14.793333053588867
2954,14.543333053588867
2955,14.59000015258789
2956,14.366665840148926
2957,14.533332824707031
2958,14.850000381469727
2959,14.333333015441895
2960,14.433333396911621
2961,14.633333206176758
2962,14.686665534973145
2963,15.016666412353516
2964,15.053333282470703
2965,14.836666107177734
2966,15.066665649414062
2967,15.383333206176758
2968,15.479999542236328
2969,15.630000114440918
2970,15.84333324432373
2971,16.079999923706055
2972,16.206666946411133
2973,16.13666534423828
2974,16.25
2975,15.966666221618652
2976,16.16666603088379
2977,16.126665115356445
2978,16.399999618530273
2979,16.42333221435547
2980,16.433332443237305
2981,16.299999237060547
2982,16.466665267944336
2983,16.233333587646484
2984,16.700000762939453
2985,16.399999618530273
2986,16.510000228881836
2987,16.600000381469727
2988,16.34666633605957
2989,15.979999542236328
2990,16.293333053588867
2991,16.496665954589844
2992,15.923333168029785
2993,15.5
2994,15.816665649414062
2995,16.049999237060547
2996,15.906665802001953
2997,15.866665840148926
2998,16.036666870117188
2999,16.459999084472656
3000,16.41666603088379
3001,16.366666793823242
3002,15.883333206176758
3003,15.59666633605957
3004,15.399999618530273
3005,15.563332557678223
3006,15.466666221618652
3007,15.406665802001953
3008,15.930000305175781
3009,16.18666648864746
3010,16.18666648864746
3011,16.366666793823242
3012,15.623332977294922
3013,15.550000190734863
3014,14.736665725708008
3015,14.323332786560059
3016,15.036665916442871
3017,14.603333473205566
3018,14.463333129882812
3019,14.930000305175781
3020,14.890000343322754
3021,14.883333206176758
3022,14.766666412353516
3023,14.783332824707031
3024,14.883333206176758
3025,14.483332633972168
3026,14.649999618530273
3027,15.113332748413086
3028,15.166666030883789
3029,14.899999618530273
3030,15.833333015441895
3031,16.233333587646484
3032,16.329999923706055
3033,15.883333206176758
3034,16.360000610351562
3035,16.200000762939453
3036,16.266666412353516
3037,16.066665649414062
3038,16.696666717529297
3039,16.65333366394043
3040,16.450000762939453
3041,16.229999542236328
3042,16.100000381469727
3043,16.209999084472656
3044,16.299999237060547
3045,16.626665115356445
3046,16.52666664123535
3047,16.733333587646484
3048,17.229999542236328
3049,17.043333053588867
3050,17.709999084472656
3051,17.43666648864746
3052,17.350000381469727
3053,15.983332633972168
3054,15.34666633605957
3055,16.0
3056,16.66666603088379
3057,16.536666870117188
3058,16.59666633605957
3059,15.703332901000977
3060,15.493332862854004
3061,13.633333206176758
3062,15.333333015441895
3063,14.183333396911621
3064,12.296666145324707
3065,13.626666069030762
3066,11.430000305175781
3067,11.84666633605957
3068,10.933333396911621
3069,10.836666107177734
3070,10.813332557678223
3071,10.149999618530273
3072,12.103333473205566
3073,12.930000305175781
3074,12.880000114440918
3075,12.303333282470703
3076,12.333333015441895
3077,11.966666221618652
3078,11.550000190734863
3079,12.266666412353516
3080,11.949999809265137
3081,12.403332710266113
3082,12.833333015441895
3083,13.103333473205566
3084,13.00333309173584
3085,13.113332748413086
3086,13.186665534973145
3087,13.306666374206543
3088,13.103333473205566
3089,13.176666259765625
3090,13.529999732971191
3091,14.00333309173584
3092,13.75
3093,12.333333015441895
3094,13.076665878295898
3095,13.266666412353516
3096,13.300000190734863
3097,12.806666374206543
3098,12.793333053588867
3099,12.91333293914795
3100,12.813332557678223
3101,12.283332824707031
3102,12.586666107177734
3103,12.266666412353516
3104,11.90999984741211
3105,12.053333282470703
3106,12.60666561126709
3107,13.180000305175781
3108,13.996665954589844
3109,13.573332786560059
3110,13.546666145324707
3111,14.539999961853027
3112,14.626666069030762
3113,15.5
3114,15.5
3115,15.529999732971191
3116,15.316665649414062
3117,15.183333396911621
3118,15.176666259765625
3119,15.486665725708008
3120,16.273332595825195
3121,16.52666664123535
3122,16.356666564941406
3123,17.239999771118164
3124,17.023332595825195
3125,16.913333892822266
3126,16.616666793823242
3127,16.503332138061523
3128,16.5
3129,17.066665649414062
3130,16.786666870117188
3131,17.0
3132,16.77666664123535
3133,17.426666259765625
3134,17.549999237060547
3135,18.333332061767578
3136,17.816665649414062
3137,18.31999969482422
3138,18.363332748413086
3139,18.676666259765625
3140,18.733333587646484
3141,18.833332061767578
3142,18.84000015258789
3143,19.056665420532227
3144,20.216665267944336
3145,19.6299991607666
3146,19.983333587646484
3147,19.963333129882812
3148,20.3799991607666
3149,20.6299991607666
3150,20.5
3151,21.29666519165039
3152,22.466665267944336
3153,22.043333053588867
3154,22.233333587646484
3155,21.84000015258789
3156,21.78333282470703
3157,22.0766658782959
3158,21.74333381652832
3159,21.543333053588867
3160,21.536666870117188
3161,21.146665573120117
3162,21.29666519165039
3163,21.073333740234375
3164,21.16666603088379
3165,21.350000381469727
3166,20.850000381469727
3167,20.75
3168,20.280000686645508
3169,20.5
3170,20.216665267944336
3171,20.190000534057617
3172,19.366666793823242
3173,20.600000381469727
3174,19.856666564941406
3175,20.780000686645508
3176,20.323333740234375
3177,20.299999237060547
3178,20.616666793823242
3179,20.16666603088379
3180,20.093332290649414
3181,20.34000015258789
3182,19.600000381469727
3183,20.016666412353516
3184,19.989999771118164
3185,19.273332595825195
3186,19.44333267211914
3187,19.01333236694336
3188,19.420000076293945
3189,18.66666603088379
3190,18.67333221435547
3191,19.5766658782959
3192,19.093332290649414
3193,19.00666618347168
3194,18.893333435058594
3195,18.709999084472656
3196,18.700000762939453
3197,19.1200008392334
3198,18.6299991607666
3199,19.656665802001953
3200,19.116666793823242
3201,18.336666107177734
3202,17.883333206176758
3203,18.336666107177734
3204,18.176666259765625
3205,17.753332138061523
3206,18.583332061767578
3207,17.920000076293945
3208,17.90333366394043
3209,18.28333282470703
3210,18.236665725708008
3211,18.266666412353516
3212,18.793333053588867
3213,18.536666870117188
3214,18.113332748413086
3215,18.713333129882812
3216,19.299999237060547
3217,19.123332977294922
3218,18.690000534057617
3219,18.266666412353516
3220,18.3266658782959
3221,17.583332061767578
3222,17.110000610351562
3223,17.65999984741211
3224,17.016666412353516
3225,16.989999771118164
3226,18.03333282470703
3227,18.8700008392334
3228,18.873332977294922
3229,17.950000762939453
3230,18.03333282470703
3231,18.466665267944336
3232,17.926666259765625
3233,17.899999618530273
3234,17.799999237060547
3235,17.850000381469727
3236,18.016666412353516
3237,18.440000534057617
3238,18.030000686645508
3239,18.566665649414062
3240,18.8700008392334
3241,19.0
3242,18.966665267944336
3243,18.709999084472656
3244,18.926666259765625
3245,19.866666793823242
3246,19.6299991607666
3247,19.59000015258789
3248,19.486665725708008
3249,19.373332977294922
3250,18.883333206176758
3251,19.40333366394043
3252,19.613332748413086
3253,19.426666259765625
3254,19.626665115356445
3255,20.183332443237305
3256,20.149999618530273
3257,19.933332443237305
3258,19.66666603088379
3259,20.093332290649414
3260,19.996665954589844
3261,20.5
3262,20.606666564941406
3263,20.65999984741211
3264,20.3266658782959
3265,20.366666793823242
3266,20.03333282470703
3267,20.593332290649414
3268,20.896665573120117
3269,20.036666870117188
3270,20.616666793823242
3271,20.700000762939453
3272,20.553333282470703
3273,19.940000534057617
3274,20.266666412353516
3275,20.196666717529297
3276,20.0
3277,19.366666793823242
3278,19.516666412353516
3279,19.766666412353516
3280,19.670000076293945
3281,20.43000030517578
3282,19.933332443237305
3283,20.41666603088379
3284,20.896665573120117
3285,20.986665725708008
3286,20.81333351135254
3287,21.149999618530273
3288,20.836666107177734
3289,20.739999771118164
3290,20.016666412353516
3291,20.106666564941406
3292,19.953332901000977
3293,19.670000076293945
3294,19.34000015258789
3295,19.350000381469727
3296,18.579999923706055
3297,18.446666717529297
3298,18.540000915527344
3299,18.29666519165039
3300,18.100000381469727
3301,18.116666793823242
3302,18.670000076293945
3303,18.863332748413086
3304,18.496665954589844
3305,18.829999923706055
3306,17.56333351135254
3307,17.833332061767578
3308,18.43666648864746
3309,18.899999618530273
3310,18.446666717529297
3311,17.933332443237305
3312,17.483333587646484
3313,17.649999618530273
3314,17.90999984741211
3315,18.54666519165039
3316,18.34000015258789
3317,18.056665420532227
3318,17.93000030517578
3319,17.926666259765625
3320,18.003332138061523
3321,17.866666793823242
3322,17.833332061767578
3323,18.206666946411133
3324,17.8700008392334
3325,18.106666564941406
3326,18.356666564941406
3327,18.316665649414062
3328,18.616666793823242
3329,18.406665802001953
3330,18.59000015258789
3331,18.433332443237305
3332,18.343332290649414
3333,18.18666648864746
3334,18.466665267944336
3335,18.1200008392334
3336,17.906665802001953
3337,17.78333282470703
3338,17.906665802001953
3339,17.670000076293945
3340,17.649999618530273
3341,17.866666793823242
3342,17.516666412353516
3343,17.16666603088379
3344,17.163333892822266
3345,16.889999389648438
3346,17.16666603088379
3347,16.933332443237305
3348,17.780000686645508
3349,17.766666412353516
3350,17.616666793823242
3351,17.16666603088379
3352,17.25
3353,17.850000381469727
3354,17.579999923706055
3355,17.299999237060547
3356,17.219999313354492
3357,17.25
3358,17.350000381469727
3359,17.450000762939453
3360,17.0
3361,17.100000381469727
3362,16.979999542236328
3363,17.479999542236328
3364,17.540000915527344
3365,17.700000762939453
3366,17.010000228881836
3367,17.239999771118164
3368,17.290000915527344
3369,16.329999923706055
3370,16.399999618530273
3371,16.0
3372,16.1299991607666
3373,16.31999969482422
3374,16.670000076293945
3375,16.90999984741211
3376,17.170000076293945
3377,17.3799991607666
3378,17.06999969482422
3379,16.989999771118164
3380,17.020000457763672
3381,16.989999771118164
3382,16.690000534057617
3383,16.989999771118164
3384,17.040000915527344
3385,16.81999969482422
3386,16.31999969482422
3387,16.420000076293945
3388,16.110000610351562
3389,15.920000076293945
3390,16.270000457763672
3391,16.149999618530273
3392,16.709999084472656
3393,16.950000762939453
3394,17.1200008392334
3395,17.0
3396,16.59000015258789
3397,16.40999984741211
3398,16.420000076293945
3399,16.350000381469727
3400,16.5
3401,16.350000381469727
3402,16.40999984741211
3403,16.100000381469727
3404,15.84000015258789
3405,15.8100004196167
3406,15.25
3407,15.619999885559082
3408,16.010000228881836
3409,15.9399995803833
3410,15.710000038146973
3411,15.899999618530273
3412,15.770000457763672
3413,15.510000228881836
3414,15.050000190734863
3415,13.890000343322754
3416,14.640000343322754
3417,13.979999542236328
3418,13.819999694824219
3419,13.539999961853027
3420,14.180000305175781
3421,14.199999809265137
3422,13.649999618530273
3423,13.899999618530273
3424,13.989999771118164
3425,13.65999984741211
3426,13.9399995803833
3427,13.699999809265137
3428,14.069999694824219
3429,14.430000305175781
3430,14.069999694824219
3431,14.050000190734863
3432,14.319999694824219
3433,13.119999885559082
3434,13.630000114440918
3435,13.8100004196167
3436,14.199999809265137
3437,14.130000114440918
3438,14.050000190734863
3439,14.119999885559082
3440,14.180000305175781
3441,13.680000305175781
3442,13.550000190734863
3443,14.25
3444,13.90999984741211
3445,13.880000114440918
3446,13.680000305175781
3447,12.9399995803833
3448,12.75
3449,12.739999771118164
3450,13.229999542236328
3451,12.399999618530273
3452,12.149999618530273
3453,12.220000267028809
3454,12.260000228881836
3455,12.489999771118164
3456,12.130000114440918
3457,12.850000381469727
3458,12.729999542236328
3459,13.149999618530273
3460,12.920000076293945
3461,12.520000457763672
3462,13.140000343322754
3463,13.010000228881836
3464,12.619999885559082
3465,12.890000343322754
3466,12.149999618530273
3467,12.119999885559082
3468,12.039999961853027
3469,11.90999984741211
3470,11.979999542236328
3471,12.0
3472,11.9399995803833
3473,12.369999885559082
3474,12.239999771118164
3475,12.640000343322754
3476,12.670000076293945
3477,13.149999618530273
3478,13.050000190734863
3479,12.75
3480,12.65999984741211
3481,12.470000267028809
3482,12.470000267028809
3483,12.100000381469727
3484,11.979999542236328
3485,12.1899995803833
3486,12.369999885559082
3487,11.779999732971191
3488,11.5
3489,11.109999656677246
3490,11.010000228881836
3491,11.460000038146973
3492,11.630000114440918
3493,11.779999732971191
3494,12.050000190734863
3495,12.119999885559082
3496,11.710000038146973
3497,12.380000114440918
3498,12.149999618530273
3499,12.100000381469727
3500,12.0600004196167
3501,12.069999694824219
3502,12.3100004196167
3503,11.880000114440918
3504,11.369999885559082
3505,11.5
3506,11.380000114440918
3507,11.3100004196167
3508,11.15999984741211
3509,11.079999923706055
3510,11.140000343322754
3511,10.720000267028809
3512,10.949999809265137
3513,10.720000267028809
3514,10.979999542236328
3515,11.239999771118164
3516,11.180000305175781
3517,11.210000038146973
3518,11.609999656677246
3519,11.59000015258789
3520,12.220000267028809
3521,12.359999656677246
3522,12.3100004196167
3523,12.260000228881836
3524,13.25
3525,13.640000343322754
3526,13.0600004196167
3527,13.319999694824219
3528,13.779999732971191
3529,14.460000038146973
3530,14.739999771118164
3531,14.619999885559082
3532,14.260000228881836
3533,14.130000114440918
3534,14.140000343322754
3535,14.130000114440918
3536,13.699999809265137
3537,13.550000190734863
3538,14.15999984741211
3539,14.100000381469727
3540,13.920000076293945
3541,14.119999885559082
3542,14.600000381469727
3543,14.59000015258789
3544,14.199999809265137
3545,14.270000457763672
3546,14.069999694824219
3547,14.390000343322754
3548,14.59000015258789
3549,14.699999809265137
3550,14.579999923706055
3551,14.319999694824219
3552,14.770000457763672
3553,14.4399995803833
3554,13.899999618530273
3555,13.619999885559082
3556,13.800000190734863
3557,13.3100004196167
3558,13.260000228881836
3559,13.260000228881836
3560,13.300000190734863
3561,13.600000381469727
3562,13.899999618530273
3563,14.109999656677246
3564,13.880000114440918
3565,14.630000114440918
3566,14.760000228881836
3567,14.890000343322754
3568,15.140000343322754
3569,15.09000015258789
3570,15.539999961853027
3571,15.670000076293945
3572,15.710000038146973
3573,16.040000915527344
3574,16.139999389648438
3575,15.829999923706055
3576,15.869999885559082
3577,15.850000381469727
3578,15.600000381469727
3579,14.880000114440918
3580,14.350000381469727
3581,14.40999984741211
3582,14.489999771118164
3583,14.520000457763672
3584,14.539999961853027
3585,14.6899995803833
3586,14.359999656677246
3587,14.119999885559082
3588,13.609999656677246
3589,13.510000228881836
3590,13.579999923706055
3591,13.300000190734863
3592,12.800000190734863
3593,12.550000190734863
3594,12.649999618530273
3595,12.119999885559082
3596,11.770000457763672
3597,11.739999771118164
3598,11.569999694824219
3599,11.289999961853027
3600,11.899999618530273
3601,11.470000267028809
3602,11.470000267028809
3603,11.899999618530273
3604,11.550000190734863
3605,11.8100004196167
3606,12.039999961853027
3607,12.100000381469727
3608,12.020000457763672
3609,11.90999984741211
3610,12.40999984741211
3611,12.699999809265137
3612,12.800000190734863
3613,12.770000457763672
3614,12.5
3615,12.890000343322754
3616,12.670000076293945
3617,12.279999732971191
3618,11.890000343322754
3619,11.789999961853027
3620,11.949999809265137
3621,11.65999984741211
3622,11.539999961853027
3623,11.489999771118164
3624,11.609999656677246
3625,11.449999809265137
3626,11.550000190734863
3627,11.489999771118164
3628,11.649999618530273
3629,11.579999923706055
3630,11.600000381469727
3631,11.600000381469727
3632,11.270000457763672
3633,10.949999809265137
3634,10.960000038146973
3635,11.1899995803833
3636,11.079999923706055
3637,11.270000457763672
3638,11.109999656677246
3639,11.359999656677246
3640,11.4399995803833
3641,10.770000457763672
3642,10.539999961853027
3643,10.279999732971191
3644,10.279999732971191
3645,10.029999732971191
3646,10.270000457763672
3647,10.210000038146973
3648,10.539999961853027
3649,11.010000228881836
3650,10.720000267028809
3651,10.729999542236328
3652,10.729999542236328
3653,10.880000114440918
3654,11.260000228881836
3655,11.09000015258789
3656,10.869999885559082
3657,10.800000190734863
3658,11.15999984741211
3659,11.899999618530273
3660,12.069999694824219
3661,12.449999809265137
3662,12.25
3663,12.369999885559082
3664,12.149999618530273
3665,13.100000381469727
3666,13.199999809265137
3667,13.119999885559082
3668,12.869999885559082
3669,12.850000381469727
3670,12.510000228881836
3671,12.300000190734863
3672,12.430000305175781
3673,12.460000038146973
3674,12.770000457763672
3675,12.430000305175781
3676,12.34000015258789
3677,12.1899995803833
3678,11.850000381469727
3679,12.100000381469727
3680,12.640000343322754
3681,12.850000381469727
3682,12.390000343322754
3683,13.0
3684,12.949999809265137
3685,13.25
3686,12.880000114440918
3687,12.779999732971191
3688,12.5600004196167
3689,12.380000114440918
3690,13.220000267028809
3691,13.640000343322754
3692,13.319999694824219
3693,13.4399995803833
3694,13.390000343322754
3695,12.869999885559082
3696,12.75
3697,12.850000381469727
3698,12.600000381469727
3699,13.050000190734863
3700,13.880000114440918
3701,14.479999542236328
3702,14.729999542236328
3703,14.829999923706055
3704,14.800000190734863
3705,14.84000015258789
3706,14.350000381469727
3707,13.899999618530273
3708,13.890000343322754
3709,14.149999618530273
3710,14.0
3711,14.25
3712,14.0
3713,14.630000114440918
3714,14.039999961853027
3715,13.850000381469727
3716,13.180000305175781
3717,13.880000114440918
3718,14.180000305175781
3719,15.039999961853027
3720,15.119999885559082
3721,15.380000114440918
3722,15.600000381469727
3723,15.300000190734863
3724,15.329999923706055
3725,15.239999771118164
3726,13.3100004196167
3727,12.579999923706055
3728,12.470000267028809
3729,12.399999618530273
3730,11.649999618530273
3731,11.869999885559082
3732,12.050000190734863
3733,11.989999771118164
3734,11.989999771118164
3735,12.65999984741211
3736,12.050000190734863
3737,12.079999923706055
3738,12.550000190734863
3739,12.729999542236328
3740,12.40999984741211
3741,12.699999809265137
3742,12.149999618530273
3743,12.180000305175781
3744,12.25
3745,11.739999771118164
3746,11.739999771118164
3747,11.449999809265137
3748,11.390000343322754
3749,11.779999732971191
3750,11.529999732971191
3751,11.359999656677246
3752,12.09000015258789
3753,12.619999885559082
3754,12.5600004196167
3755,12.319999694824219
3756,13.350000381469727
3757,13.420000076293945
3758,12.949999809265137
3759,13.399999618530273
3760,13.210000038146973
3761,12.25
3762,11.84000015258789
3763,11.930000305175781
3764,12.300000190734863
3765,12.59000015258789
3766,12.420000076293945
3767,12.859999656677246
3768,13.449999809265137
3769,13.369999885559082
3770,13.15999984741211
3771,12.949999809265137
3772,13.010000228881836
3773,13.079999923706055
3774,12.970000267028809
3775,12.770000457763672
3776,12.649999618530273
3777,12.84000015258789
3778,13.109999656677246
3779,13.119999885559082
3780,12.710000038146973
3781,12.869999885559082
3782,12.960000038146973
3783,12.90999984741211
3784,13.0
3785,12.109999656677246
3786,12.109999656677246
3787,11.890000343322754
3788,12.119999885559082
3789,11.649999618530273
3790,11.800000190734863
3791,11.920000076293945
3792,11.4399995803833
3793,11.59000015258789
3794,11.369999885559082
3795,11.029999732971191
3796,10.850000381469727
3797,10.779999732971191
3798,10.390000343322754
3799,10.5600004196167
3800,10.550000190734863
3801,10.5
3802,10.59000015258789
3803,10.520000457763672
3804,10.960000038146973
3805,11.050000190734863
3806,11.649999618530273
3807,11.579999923706055
3808,11.260000228881836
3809,11.350000381469727
3810,11.4399995803833
3811,11.539999961853027
3812,11.859999656677246
3813,11.300000190734863
3814,11.180000305175781
3815,11.170000076293945
3816,11.039999961853027
3817,10.420000076293945
3818,10.5600004196167
3819,10.59000015258789
3820,10.680000305175781
3821,10.529999732971191
3822,10.800000190734863
3823,10.350000381469727
3824,10.579999923706055
3825,10.829999923706055
3826,10.789999961853027
3827,10.699999809265137
3828,10.90999984741211
3829,11.630000114440918
3830,11.859999656677246
3831,11.739999771118164
3832,11.970000267028809
3833,12.020000457763672
3834,11.890000343322754
3835,11.59000015258789
3836,11.65999984741211
3837,11.760000228881836
3838,11.800000190734863
3839,11.25
3840,11.479999542236328
3841,11.680000305175781
3842,11.329999923706055
3843,11.510000228881836
3844,11.829999923706055
3845,12.489999771118164
3846,12.4399995803833
3847,12.5600004196167
3848,12.550000190734863
3849,12.779999732971191
3850,12.829999923706055
3851,13.0
3852,12.8100004196167
3853,13.319999694824219
3854,13.489999771118164
3855,13.5600004196167
3856,13.390000343322754
3857,13.210000038146973
3858,12.859999656677246
3859,13.180000305175781
3860,13.65999984741211
3861,13.529999732971191
3862,13.350000381469727
3863,13.319999694824219
3864,14.300000190734863
3865,14.420000076293945
3866,14.460000038146973
3867,14.40999984741211
3868,14.739999771118164
3869,14.699999809265137
3870,14.899999618530273
3871,14.609999656677246
3872,15.220000267028809
3873,14.710000038146973
3874,14.619999885559082
3875,14.800000190734863
3876,14.729999542236328
3877,14.640000343322754
3878,14.199999809265137
3879,14.430000305175781
3880,14.050000190734863
3881,14.0600004196167
3882,13.949999809265137
3883,14.640000343322754
3884,14.609999656677246
3885,14.930000305175781
3886,14.739999771118164
3887,14.729999542236328
3888,14.180000305175781
3889,14.359999656677246
3890,14.079999923706055
3891,13.930000305175781
3892,14.25
3893,14.5600004196167
3894,14.449999809265137
3895,14.59000015258789
3896,14.710000038146973
3897,14.600000381469727
3898,14.609999656677246
3899,15.170000076293945
3900,15.100000381469727
3901,14.989999771118164
3902,14.949999809265137
3903,14.600000381469727
3904,14.720000267028809
3905,14.899999618530273
3906,14.739999771118164
3907,14.770000457763672
3908,14.869999885559082
3909,14.710000038146973
3910,14.630000114440918
3911,14.489999771118164
3912,14.300000190734863
3913,14.270000457763672
3914,14.199999809265137
3915,14.109999656677246
3916,14.020000457763672
3917,13.8100004196167
3918,13.430000305175781
3919,13.65999984741211
3920,13.479999542236328
3921,13.859999656677246
3922,14.199999809265137
3923,13.6899995803833
3924,13.489999771118164
3925,13.529999732971191
3926,13.569999694824219
3927,13.220000267028809
3928,12.930000305175781
3929,12.979999542236328
3930,13.0600004196167
3931,12.770000457763672
3932,12.539999961853027
3933,12.539999961853027
3934,12.90999984741211
3935,13.15999984741211
3936,13.210000038146973
3937,13.300000190734863
3938,13.199999809265137
3939,13.079999923706055
3940,12.920000076293945
3941,13.130000114440918
3942,12.59000015258789
3943,12.329999923706055
3944,12.34000015258789
3945,12.069999694824219
3946,12.029999732971191
3947,12.210000038146973
3948,12.289999961853027
3949,12.0
3950,11.489999771118164
3951,11.859999656677246
3952,11.729999542236328
3953,11.84000015258789
3954,11.779999732971191
3955,12.050000190734863
3956,12.029999732971191
3957,11.600000381469727
3958,11.739999771118164
3959,11.270000457763672
3960,11.130000114440918
3961,11.0
3962,11.149999618530273
3963,11.3100004196167
3964,11.600000381469727
3965,11.539999961853027
3966,11.729999542236328
3967,11.199999809265137
3968,11.079999923706055
3969,11.100000381469727
3970,11.550000190734863
3971,12.210000038146973
3972,12.239999771118164
3973,12.460000038146973
3974,12.470000267028809
3975,12.359999656677246
3976,12.960000038146973
3977,12.430000305175781
3978,12.65999984741211
3979,12.920000076293945
3980,12.729999542236328
3981,13.109999656677246
3982,12.84000015258789
3983,13.020000457763672
3984,13.170000076293945
3985,12.920000076293945
3986,12.920000076293945
3987,13.220000267028809
3988,13.25
3989,13.300000190734863
3990,13.529999732971191
3991,13.539999961853027
3992,13.449999809265137
3993,13.229999542236328
3994,13.289999961853027
3995,13.539999961853027
3996,13.930000305175781
3997,13.850000381469727
3998,14.430000305175781
3999,14.829999923706055
4000,14.670000076293945
4001,14.739999771118164
4002,14.550000190734863
4003,14.170000076293945
4004,14.489999771118164
4005,14.510000228881836
4006,14.65999984741211
4007,14.579999923706055
4008,14.550000190734863
4009,14.170000076293945
4010,14.130000114440918
4011,13.720000267028809
4012,13.970000267028809
4013,14.279999732971191
4014,14.0600004196167
4015,13.920000076293945
4016,13.949999809265137
4017,14.100000381469727
4018,14.130000114440918
4019,13.979999542236328
4020,13.729999542236328
4021,13.850000381469727
4022,13.789999961853027
4023,13.479999542236328
4024,13.729999542236328
4025,13.630000114440918
4026,13.430000305175781
4027,13.220000267028809
4028,13.210000038146973
4029,13.0
4030,13.09000015258789
4031,13.289999961853027
4032,13.170000076293945
4033,13.069999694824219
4034,13.210000038146973
4035,13.430000305175781
4036,13.15999984741211
4037,13.239999771118164
4038,12.859999656677246
4039,12.6899995803833
4040,12.729999542236328
4041,12.6899995803833
4042,12.9399995803833
4043,12.8100004196167
4044,12.649999618530273
4045,12.449999809265137
4046,12.479999542236328
4047,12.75
4048,12.579999923706055
4049,12.829999923706055
4050,12.420000076293945
4051,12.300000190734863
4052,12.1899995803833
4053,12.25
4054,12.319999694824219
4055,12.460000038146973
4056,12.579999923706055
4057,12.819999694824219
4058,12.760000228881836
4059,12.510000228881836
4060,12.329999923706055
4061,12.359999656677246
4062,12.3100004196167
4063,12.75
4064,12.399999618530273
4065,12.0
4066,11.899999618530273
4067,11.899999618530273
4068,12.020000457763672
4069,11.989999771118164
4070,11.770000457763672
4071,11.729999542236328
4072,11.699999809265137
4073,11.960000038146973
4074,12.0
4075,12.130000114440918
4076,12.390000343322754
4077,11.960000038146973
4078,11.979999542236328
4079,11.710000038146973
4080,11.479999542236328
4081,11.329999923706055
4082,11.239999771118164
4083,11.140000343322754
4084,11.180000305175781
4085,11.270000457763672
4086,11.09000015258789
4087,10.9399995803833
4088,10.829999923706055
4089,11.220000267028809
4090,11.140000343322754
4091,10.789999961853027
4092,11.0600004196167
4093,11.390000343322754
4094,11.510000228881836
4095,11.579999923706055
4096,11.670000076293945
4097,11.210000038146973
4098,10.9399995803833
4099,11.229999542236328
4100,11.470000267028809
4101,11.510000228881836
4102,11.579999923706055
4103,11.420000076293945
4104,11.430000305175781
4105,11.40999984741211
4106,11.0600004196167
4107,11.109999656677246
4108,11.140000343322754
4109,11.100000381469727
4110,11.069999694824219
4111,10.880000114440918
4112,10.699999809265137
4113,10.6899995803833
4114,10.710000038146973
4115,10.739999771118164
4116,11.079999923706055
4117,10.75
4118,10.489999771118164
4119,10.550000190734863
4120,10.399999618530273
4121,10.079999923706055
4122,10.369999885559082
4123,10.5600004196167
4124,10.609999656677246
4125,10.460000038146973
4126,10.319999694824219
4127,10.390000343322754
4128,10.510000228881836
4129,10.319999694824219
4130,10.220000267028809
4131,10.399999618530273
4132,10.239999771118164
4133,10.470000267028809
4134,10.449999809265137
4135,10.430000305175781
4136,10.579999923706055
4137,10.520000457763672
4138,10.6899995803833
4139,10.619999885559082
4140,10.729999542236328
4141,11.050000190734863
4142,11.510000228881836
4143,11.460000038146973
4144,11.479999542236328
4145,11.489999771118164
4146,11.170000076293945
4147,11.170000076293945
4148,11.289999961853027
4149,11.180000305175781
4150,11.029999732971191
4151,10.899999618530273
4152,10.949999809265137
4153,10.850000381469727
4154,10.760000228881836
4155,10.850000381469727
4156,10.869999885559082
4157,10.859999656677246
4158,10.859999656677246
4159,10.890000343322754
4160,11.140000343322754
4161,11.350000381469727
4162,12.020000457763672
4163,12.199999809265137
4164,12.640000343322754
4165,12.699999809265137
4166,12.710000038146973
4167,12.489999771118164
4168,12.789999961853027
4169,12.899999618530273
4170,12.960000038146973
4171,12.539999961853027
4172,12.739999771118164
4173,12.800000190734863
4174,12.649999618530273
4175,12.699999809265137
4176,12.539999961853027
4177,12.680000305175781
4178,12.430000305175781
4179,12.149999618530273
4180,12.550000190734863
4181,12.59000015258789
4182,12.229999542236328
4183,12.300000190734863
4184,12.4399995803833
4185,12.130000114440918
4186,12.050000190734863
4187,12.130000114440918
4188,12.15999984741211
4189,12.260000228881836
4190,12.130000114440918
4191,12.0
4192,11.600000381469727
4193,11.199999809265137
4194,11.25
4195,10.789999961853027
4196,10.850000381469727
4197,10.729999542236328
4198,10.710000038146973
4199,10.710000038146973
4200,10.9399995803833
4201,10.720000267028809
4202,10.75
4203,10.550000190734863
4204,10.699999809265137
4205,10.680000305175781
4206,10.75
4207,10.6899995803833
4208,10.880000114440918
4209,10.84000015258789
4210,10.979999542236328
4211,10.720000267028809
4212,10.649999618530273
4213,10.850000381469727
4214,10.609999656677246
4215,10.619999885559082
4216,10.779999732971191
4217,10.710000038146973
4218,10.890000343322754
4219,10.829999923706055
4220,10.779999732971191
4221,10.619999885559082
4222,10.420000076293945
4223,10.859999656677246
4224,10.970000267028809
4225,10.649999618530273
4226,10.710000038146973
4227,10.3100004196167
4228,10.15999984741211
4229,10.3100004196167
4230,10.229999542236328
4231,10.270000457763672
4232,10.0
4233,10.020000457763672
4234,9.819999694824219
4235,10.020000457763672
4236,10.140000343322754
4237,10.180000305175781
4238,9.760000228881836
4239,9.149999618530273
4240,9.260000228881836
4241,9.369999885559082
4242,9.460000038146973
4243,9.569999694824219
4244,9.779999732971191
4245,9.930000305175781
4246,10.0
4247,10.15999984741211
4248,10.390000343322754
4249,10.279999732971191
4250,10.220000267028809
4251,10.119999885559082
4252,10.119999885559082
4253,9.859999656677246
4254,9.979999542236328
4255,10.270000457763672
4256,10.260000228881836
4257,10.329999923706055
4258,10.359999656677246
4259,10.319999694824219
4260,10.199999809265137
4261,10.100000381469727
4262,10.380000114440918
4263,10.3100004196167
4264,10.300000190734863
4265,10.199999809265137
4266,9.800000190734863
4267,9.789999961853027
4268,9.84000015258789
4269,10.5
4270,10.270000457763672
4271,10.350000381469727
4272,10.319999694824219
4273,10.369999885559082
4274,10.430000305175781
4275,10.350000381469727
4276,10.369999885559082
4277,10.5600004196167
4278,10.550000190734863
4279,10.550000190734863
4280,11.09000015258789
4281,11.1899995803833
4282,11.15999984741211
4283,11.069999694824219
4284,10.989999771118164
4285,11.220000267028809
4286,10.960000038146973
4287,11.100000381469727
4288,11.180000305175781
4289,11.039999961853027
4290,11.170000076293945
4291,11.59000015258789
4292,11.579999923706055
4293,11.520000457763672
4294,11.369999885559082
4295,11.289999961853027
4296,11.220000267028809
4297,10.84000015258789
4298,10.800000190734863
4299,10.640000343322754
4300,10.699999809265137
4301,10.399999618530273
4302,10.529999732971191
4303,10.640000343322754
4304,10.699999809265137
4305,10.470000267028809
4306,10.399999618530273
4307,10.5
4308,11.600000381469727
4309,12.869999885559082
4310,12.420000076293945
4311,12.039999961853027
4312,12.350000381469727
4313,12.399999618530273
4314,12.5600004196167
4315,12.399999618530273
4316,12.390000343322754
4317,12.380000114440918
4318,12.390000343322754
4319,12.239999771118164
4320,12.140000343322754
4321,12.260000228881836
4322,12.420000076293945
4323,12.729999542236328
4324,12.050000190734863
4325,11.949999809265137
4326,11.739999771118164
4327,12.170000076293945
4328,11.859999656677246
4329,11.9399995803833
4330,12.170000076293945
4331,12.260000228881836
4332,12.0600004196167
4333,12.180000305175781
4334,12.420000076293945
4335,12.649999618530273
4336,13.270000457763672
4337,13.390000343322754
4338,13.420000076293945
4339,13.229999542236328
4340,13.489999771118164
4341,13.3100004196167
4342,13.1899995803833
